-- phpMyAdmin SQL Dump
-- version 4.4.14
-- http://www.phpmyadmin.net
--
-- Client :  127.0.0.1
-- Généré le :  Jeu 08 Décembre 2016 à 13:50
-- Version du serveur :  5.6.26
-- Version de PHP :  5.6.12

SET SQL_MODE = "NO_AUTO_VALUE_ON_ZERO";
SET time_zone = "+00:00";


/*!40101 SET @OLD_CHARACTER_SET_CLIENT=@@CHARACTER_SET_CLIENT */;
/*!40101 SET @OLD_CHARACTER_SET_RESULTS=@@CHARACTER_SET_RESULTS */;
/*!40101 SET @OLD_COLLATION_CONNECTION=@@COLLATION_CONNECTION */;
/*!40101 SET NAMES utf8mb4 */;

--
-- Base de données :  `tourdefrance`
--

-- --------------------------------------------------------

--
-- Structure de la table `coureur`
--

CREATE TABLE IF NOT EXISTS `coureur` (
  `NumCoureur` int(11) NOT NULL,
  `NomCoureur` varchar(30) NOT NULL DEFAULT '',
  `PrenomCoureur` varchar(20) NOT NULL DEFAULT '',
  `CodePays` varchar(3) NOT NULL DEFAULT '',
  `CodeEquipe` varchar(3) NOT NULL DEFAULT '',
  `DateNaissance` date NOT NULL
) ENGINE=MyISAM DEFAULT CHARSET=utf8;

--
-- Contenu de la table `coureur`
--

INSERT INTO `coureur` (`NumCoureur`, `NomCoureur`, `PrenomCoureur`, `CodePays`, `CodeEquipe`, `DateNaissance`) VALUES
(1, 'JULICH', 'Bobby', 'USA', 'COF', '1971-11-18'),
(101, 'SERPELLINI', 'Marco', 'ITA', 'LAM', '1972-08-14'),
(102, 'BELOHVOSCIKS', 'Raivis', 'LAT', 'LAM', '1976-01-21'),
(103, 'DIERCKXSENS', 'Ludo', 'BEL', 'LAM', '1964-10-14'),
(104, 'PADRNOS', 'Pavel', 'CZE', 'LAM', '1970-12-17'),
(105, 'PICCOLI', 'Mariano', 'ITA', 'LAM', '1970-09-11'),
(106, 'PINOTTI', 'Marco', 'ITA', 'LAM', '1976-02-25'),
(107, 'SPRUCH', 'Zbigniew', 'POL', 'LAM', '1965-12-31'),
(108, 'SVORADA', 'Jan', 'CZE', 'LAM', '1968-08-28'),
(109, 'VERSTREPEN', 'Johan', 'BEL', 'LAM', '1967-10-21'),
(11, 'GARZELLI', 'Stefano', 'ITA', 'MER', '1973-07-16'),
(111, 'ESCARTIN', 'Fernando', 'ESP', 'KEL', '1968-01-24'),
(112, 'CASTELBLANCO', 'Jos', 'COL', 'KEL', '1969-12-15'),
(113, 'CONTRERAS', 'Carlos', 'COL', 'KEL', '1973-12-11'),
(114, 'DE LOS ANGELES', 'Jos', 'ESP', 'KEL', '1973-02-21'),
(115, 'GOMEZ', 'Jos', 'ESP', 'KEL', '1974-03-18'),
(116, 'OTXOA', 'Javier', 'ESP', 'KEL', '1974-08-30'),
(117, 'PASCUAL LLORENTE', 'Javier', 'ESP', 'KEL', '1971-03-30'),
(118, 'PASCUAL RODRIGUEZ', 'Javier', 'ESP', 'KEL', '1971-11-14'),
(119, 'VIDAL', 'Jos', 'ESP', 'KEL', '1969-10-28'),
(12, 'ARTUNGHI', 'Marco', 'ITA', 'MER', '1969-07-12'),
(121, 'CASERO', 'Angel', 'ESP', 'VIT', '1972-09-27'),
(122, 'AGGIANO', 'Elio', 'ITA', 'VIT', '1972-03-15'),
(123, 'BUENAHORA', 'Hernan', 'COL', 'VIT', '1967-03-18'),
(124, 'CEREZO', 'Francisco', 'ESP', 'VIT', '1971-01-06'),
(125, 'GARCIA', 'Francisco Tomas', 'ESP', 'VIT', '1975-11-05'),
(126, 'GONZALEZ GALDEANO', 'Alvaro', 'ESP', 'VIT', '1970-01-03'),
(127, 'HORILLO', 'Pedro', 'ESP', 'VIT', '1974-09-27'),
(128, 'INDURAIN', 'Prudencio', 'ESP', 'VIT', '1968-06-09'),
(129, 'SALMERON', 'Gines', 'ESP', 'VIT', '1972-11-15'),
(13, 'BARBERO', 'Sergio', 'ITA', 'MER', '1969-01-17'),
(131, 'SIMON', 'Fran', 'FRA', 'C.A', '1968-10-28'),
(132, 'BACKSTEDT', 'Magnus', 'SWE', 'C.A', '1975-01-30'),
(133, 'BOARDMAN', 'Chris', 'GBR', 'C.A', '1968-08-26'),
(134, 'HINAULT', 'S', 'FRA', 'C.A', '1974-02-11'),
(135, 'LANGELLA', 'Anthony', 'FRA', 'C.A', '1974-04-24'),
(136, 'O''GRADY', 'Stuart', 'AUS', 'C.A', '1973-08-06'),
(137, 'VASSEUR', 'C', 'FRA', 'C.A', '1970-08-18'),
(138, 'VOGELS', 'Henk', 'AUS', 'C.A', '1973-07-31'),
(139, 'VOIGT', 'Jens', 'GER', 'C.A', '1971-09-17'),
(14, 'CONTI', 'Roberto', 'ITA', 'MER', '1964-12-16'),
(141, 'BELLI', 'Wladimir', 'ITA', 'FES', '1970-07-25'),
(142, 'BROCHARD', 'Laurent', 'FRA', 'FES', '1968-03-26'),
(143, 'HERNANDEZ', 'Jaime', 'ESP', 'FES', '1972-01-18'),
(144, 'HUSER', 'Rolf', 'SUI', 'FES', '1971-06-05'),
(145, 'JEKER', 'Fabian', 'SUI', 'FES', '1968-11-28'),
(146, 'LEFEVRE', 'Laurent', 'FRA', 'FES', '1976-07-02'),
(147, 'MADOUAS', 'Laurent', 'FRA', 'FES', '1967-02-08'),
(148, 'MOREAU', 'Christophe', 'FRA', 'FES', '1971-04-12'),
(149, 'ROUS', 'Didier', 'FRA', 'FES', '1970-09-18'),
(15, 'COPPOLILLO', 'Michele', 'ITA', 'MER', '1967-07-17'),
(151, 'ROBIN', 'Jean-Cyril', 'FRA', 'FDJ', '1969-08-27'),
(152, 'BASSONS', 'Christophe', 'FRA', 'FDJ', '1974-06-10'),
(153, 'CASPER', 'Jimmy', 'FRA', 'FDJ', '1978-05-28'),
(154, 'GUESDON', 'Fr', 'FRA', 'FDJ', '1971-10-14'),
(155, 'HEULOT', 'St', 'FRA', 'FDJ', '1971-03-20'),
(156, 'MENGIN', 'Christophe', 'FRA', 'FDJ', '1968-09-03'),
(157, 'MICHAELSEN', 'Lars', 'DEN', 'FDJ', '1969-03-13'),
(158, 'MORIN', 'Anthony', 'FRA', 'FDJ', '1974-06-27'),
(159, 'NAZON', 'Damien', 'FRA', 'FDJ', '1974-06-26'),
(16, 'FINCATO', 'Marco', 'ITA', 'MER', '1970-10-06'),
(161, 'ZULLE', 'Alex', 'SUI', 'BAN', '1968-07-05'),
(162, 'ARRIETA', 'Jos', 'ESP', 'BAN', '1971-06-16'),
(163, 'BELTRAN', 'Manuel', 'ESP', 'BAN', '1971-05-28'),
(164, 'GARCIA-ACOSTA', 'Vicente', 'ESP', 'BAN', '1972-08-04'),
(165, 'MANCEBO', 'Francisco', 'ESP', 'BAN', '1976-03-09'),
(166, 'NAVAS', 'David', 'ESP', 'BAN', '1974-06-10'),
(167, 'ODRIOZOLA', 'Jon', 'ESP', 'BAN', '1970-12-26'),
(168, 'PENA', 'Miguel Angel', 'ESP', 'BAN', '1970-07-08'),
(169, 'SOLAUN', 'C', 'ESP', 'BAN', '1970-12-29'),
(17, 'FORCONI', 'Riccardo', 'ITA', 'MER', '1970-06-13'),
(171, 'HAMBURGER', 'Bo', 'DEN', 'CTA', '1970-05-24'),
(172, 'BARONTI', 'Alessandro', 'ITA', 'CTA', '1967-06-04'),
(173, 'COLOMBO', 'Gabriele', 'ITA', 'CTA', '1972-05-11'),
(174, 'DI BIASE', 'Moreno', 'ITA', 'CTA', '1975-11-05'),
(175, 'GIUNTI', 'Massimo', 'ITA', 'CTA', '1974-07-29'),
(176, 'LJUNGQUIST', 'Marcus', 'SWE', 'CTA', '1974-10-26'),
(177, 'MAZZANTI', 'Luca', 'ITA', 'CTA', '1974-02-04'),
(178, 'MINALI', 'Nicola', 'ITA', 'CTA', '1969-11-10'),
(179, 'MONDINI', 'Gianpaolo', 'ITA', 'CTA', '1972-07-15'),
(18, 'KONYSHEV', 'Dimitri', 'RUS', 'MER', '1966-02-18'),
(181, 'ARMSTRONG', 'Lance', 'USA', 'USP', '1971-09-18'),
(182, 'ANDREU', 'Frankie', 'USA', 'USP', '1967-09-26'),
(183, 'DERAME', 'Pascal', 'FRA', 'USP', '1970-07-25'),
(184, 'HAMILTON', 'Tyler', 'USA', 'USP', '1971-03-01'),
(185, 'HINCAPIE', 'George', 'USA', 'USP', '1973-06-29'),
(186, 'LIVINGSTON', 'Kevin', 'USA', 'USP', '1973-05-24'),
(187, 'MEINERT-NIELSEN', 'Peter', 'DEN', 'USP', '1966-05-24'),
(188, 'VANDEVELDE', 'Christian', 'USA', 'USP', '1976-05-22'),
(189, 'VAUGHTERS', 'Jonathan', 'USA', 'USP', '1973-06-10'),
(19, 'NAPOLITANO', 'Massimiliano', 'ITA', 'MER', '1973-03-13'),
(191, 'AUGER', 'Ludovic', 'FRA', 'BIG', '1971-02-17'),
(192, 'BOURGUIGNON', 'Thierry', 'FRA', 'BIG', '1962-12-19'),
(193, 'CAPELLE', 'Christophe', 'FRA', 'BIG', '1967-08-15'),
(194, 'DA CRUZ', 'Carlos', 'FRA', 'BIG', '1974-12-20'),
(195, 'GOUVENOU', 'Thierry', 'FRA', 'BIG', '1969-05-14'),
(196, 'LEBRETON', 'Lylian', 'FRA', 'BIG', '1972-01-06'),
(197, 'RAULT', 'Dominique', 'FRA', 'BIG', '1971-06-02'),
(198, 'SIVAKOV', 'Alexei', 'RUS', 'BIG', '1972-01-07'),
(199, 'SWEET', 'Jay', 'AUS', 'BIG', '1975-08-11'),
(2, 'DE WOLF', 'Steve', 'BEL', 'COF', '1975-08-31'),
(21, 'ZABEL', 'Erik', 'GER', 'TEL', '1970-07-07'),
(22, 'BOLTS', 'Udo', 'GER', 'TEL', '1966-08-10'),
(23, 'ELLI', 'Alberto', 'ITA', 'TEL', '1964-03-09'),
(24, 'GUERINI', 'Giuseppe', 'ITA', 'TEL', '1970-02-14'),
(25, 'HUNDERTMARCK', 'Kai', 'GER', 'TEL', '1969-04-25'),
(26, 'JAKSCHE', 'Jorg', 'GER', 'TEL', '1976-07-23'),
(27, 'SCHAFFRATH', 'Jan', 'GER', 'TEL', '1967-12-19'),
(28, 'TOTSCHNIG', 'Georg', 'AUT', 'TEL', '1971-05-25'),
(29, 'WESEMANN', 'Steffen', 'GER', 'TEL', '1971-03-11'),
(3, 'DESBIENS', 'Laurent', 'FRA', 'COF', '1969-09-16'),
(31, 'TONKOV', 'Pavel', 'RUS', 'MAP', '1969-02-09'),
(32, 'BRAMATI', 'Davide', 'ITA', 'MAP', '1968-06-28'),
(33, 'FARESIN', 'Gianni', 'ITA', 'MAP', '1965-07-16'),
(34, 'FERNANDEZ GINES', 'Manuel', 'ESP', 'MAP', '1971-02-25'),
(35, 'LANFRANCHI', 'Paolo', 'ITA', 'MAP', '1968-07-25'),
(36, 'LEYSEN', 'Bart', 'BEL', 'MAP', '1969-02-10'),
(37, 'MERCKX', 'Axel', 'BEL', 'MAP', '1972-08-08'),
(38, 'NARDELLO', 'Daniele', 'ITA', 'MAP', '1972-08-02'),
(39, 'STEELS', 'Tom', 'BEL', 'MAP', '1971-09-02'),
(4, 'FARAZIJN', 'Peter', 'BEL', 'COF', '1969-01-27'),
(41, 'BOOGERD', 'Micha', 'NED', 'RAB', '1972-05-28'),
(42, 'DEKKER', 'Erik', 'NED', 'RAB', '1970-08-21'),
(43, 'DEN BAKKER', 'Maarten', 'NED', 'RAB', '1969-01-26'),
(44, 'JONKER', 'Patrick', 'NED', 'RAB', '1969-05-25'),
(45, 'LOTZ', 'Marc', 'NED', 'RAB', '1973-10-19'),
(46, 'MC EWEN', 'Robbie', 'AUS', 'RAB', '1972-06-24'),
(47, 'VAN BON', 'L', 'NED', 'RAB', '1972-01-28'),
(48, 'WAUTERS', 'Marc', 'BEL', 'RAB', '1969-02-23'),
(49, 'ZBERG', 'Beat', 'SUI', 'RAB', '1971-05-10'),
(5, 'LAMOUR', 'Claude', 'FRA', 'COF', '1969-09-18'),
(51, 'OLANO', 'Abraham', 'ESP', 'ONC', '1970-01-22'),
(52, 'DIAZ JUSTO', 'Rafael', 'ESP', 'ONC', '1972-11-08'),
(53, 'ETXEBARRIA', 'David', 'ESP', 'ONC', '1973-07-23'),
(54, 'GARCIA', 'Marcelino', 'ESP', 'ONC', '1971-02-27'),
(55, 'GONZALEZ', 'Santos', 'ESP', 'ONC', '1973-12-17'),
(56, 'PEREZ RODRIGUEZ', 'Luis', 'ESP', 'ONC', '1974-06-16'),
(57, 'PERON', 'Andrea', 'ITA', 'ONC', '1971-08-14'),
(58, 'REBOLLO', 'Jos', 'ESP', 'ONC', '1972-10-08'),
(59, 'SERRANO', 'Marcos', 'ESP', 'ONC', '1972-09-08'),
(6, 'LELLI', 'Massimiliano', 'ITA', 'COF', '1967-12-02'),
(61, 'GOTTI', 'Ivan', 'ITA', 'PLT', '1969-03-28'),
(62, 'BRASI', 'Rossano', 'ITA', 'PLT', '1972-06-03'),
(63, 'CATTAI', 'Stefano', 'ITA', 'PLT', '1967-11-29'),
(64, 'CREPALDI', 'Mirco', 'ITA', 'PLT', '1972-06-11'),
(65, 'GOUBERT', 'Stephane', 'FRA', 'PLT', '1970-03-13'),
(66, 'MARTINELLO', 'Silvio', 'ITA', 'PLT', '1963-01-19'),
(67, 'PELLICIOLI', 'Oscar', 'ITA', 'PLT', '1965-07-01'),
(68, 'SACCHI', 'Fabio', 'ITA', 'PLT', '1974-05-22'),
(69, 'VIRENQUE', 'Richard', 'FRA', 'PLT', '1969-11-19'),
(7, 'LODER', 'Thierry', 'FRA', 'COF', '1975-12-15'),
(71, 'CIPOLLINI', 'Mario', 'ITA', 'SAE', '1967-03-22'),
(72, 'CALCATERRA', 'Giuseppe', 'ITA', 'SAE', '1964-12-09'),
(73, 'COMMESSO', 'Salvatore', 'ITA', 'SAE', '1975-03-28'),
(74, 'DUFAUX', 'Laurent', 'SUI', 'SAE', '1969-05-20'),
(75, 'FAGNINI', 'Gian Matteo', 'ITA', 'SAE', '1970-10-11'),
(76, 'MEIER', 'Armin', 'SUI', 'SAE', '1969-11-03'),
(77, 'SAVOLDELLI', 'Paolo', 'ITA', 'SAE', '1973-05-07'),
(78, 'SCIREA', 'Mario', 'ITA', 'SAE', '1964-08-07'),
(79, 'SECCHIARI', 'Francesco', 'ITA', 'SAE', '1972-08-24'),
(8, 'MEIER', 'Roland', 'SUI', 'COF', '1967-11-22'),
(81, 'AERTS', 'Mario', 'BEL', 'LOT', '1974-12-31'),
(82, 'DE WAELE', 'Fabien', 'BEL', 'LOT', '1975-05-19'),
(83, 'DEMARBAIX', 'S', 'BEL', 'LOT', '1973-12-19'),
(84, 'DURAND', 'Jacky', 'FRA', 'LOT', '1967-02-10'),
(85, 'MARICHAL', 'Thierry', 'BEL', 'LOT', '1973-06-13'),
(86, 'VAN DE WOUWER', 'Kurt', 'BEL', 'LOT', '1971-09-24'),
(87, 'VERBRUGGHE', 'Rik', 'BEL', 'LOT', '1974-07-23'),
(88, 'VERHEYEN', 'Geert', 'BEL', 'LOT', '1973-03-10'),
(89, 'WUYTS', 'Peter', 'BEL', 'LOT', '1973-02-24'),
(9, 'RINERO', 'Christophe', 'FRA', 'COF', '1973-12-29'),
(91, 'VINOKOUROV', 'Alexandre', 'KAZ', 'CSO', '1973-09-16'),
(92, 'BARTHE', 'St', 'FRA', 'CSO', '1972-12-05'),
(93, 'BESSY', 'Fr', 'FRA', 'CSO', '1972-01-09'),
(94, 'CHANTEUR', 'Pascal', 'FRA', 'CSO', '1968-02-09'),
(95, 'GOUGOT', 'Fabrice', 'FRA', 'CSO', '1971-08-31'),
(96, 'KIRSIPUU', 'Jaan', 'EST', 'CSO', '1969-07-17'),
(97, 'MAIGNAN', 'Gilles', 'FRA', 'CSO', '1968-07-30'),
(98, 'ORIOL', 'Christophe', 'FRA', 'CSO', '1973-02-28'),
(99, 'SALMON', 'Benoit', 'FRA', 'CSO', '1974-05-09');

-- --------------------------------------------------------

--
-- Structure de la table `equipe`
--

CREATE TABLE IF NOT EXISTS `equipe` (
  `CodeEquipe` varchar(3) NOT NULL,
  `NomEquipe` text NOT NULL,
  `DirSportif` text NOT NULL
) ENGINE=MyISAM DEFAULT CHARSET=utf8;

--
-- Contenu de la table `equipe`
--

INSERT INTO `equipe` (`CodeEquipe`, `NomEquipe`, `DirSportif`) VALUES
('BAN', 'BANESTO', 'Eusebio Unzue Labiano'),
('BIG', 'BIGMAT AUBER 93', 'St'),
('C.A', 'CREDIT AGRICOLE', 'Roger Legeay'),
('COF', 'COFIDIS', 'Bernard Quilfen'),
('CSO', 'CASINO', 'Laurent Biondi'),
('CTA', 'CANTINA TOLLO-ALEXIA ALLUMINIO', 'Enrico Paolini'),
('FDJ', 'FRANCAISE DES JEUX', 'Yvon Madiot'),
('FES', 'FESTINA-LOTUS', 'Juan Fern'),
('KEL', 'KELME-COSTA BLANCA', 'Alvaro Pino Cou'),
('LAM', 'LAMPRE - DAIKIN', 'Pietro Algeri'),
('LOT', 'LOTTO-MOBISTAR', 'Jean-Luc Vandenbroucke'),
('MAP', 'MAPEI-QUICKSTEP', 'Fabrizio Fabbri'),
('MER', 'MERCATONE UNO-BIANCHI', 'Giuseppe Martinelli'),
('ONC', 'ONCE-DEUTSCHE BANK', 'Manolo Saiz'),
('PLT', 'POLTI', 'Vittorio Algeri'),
('RAB', 'RABOBANK', 'Theo de Rooy'),
('SAE', 'SAECO', 'Guy Nulens'),
('TEL', 'TELEKOM', 'Walter Godefroot'),
('USP', 'US POSTAL SERVICE', 'Johan Bruyneel'),
('VIT', 'VITALICIO SEGUROS', 'Javier Minguez Bellosta');

-- --------------------------------------------------------

--
-- Structure de la table `etape`
--

CREATE TABLE IF NOT EXISTS `etape` (
  `NumEtape` int(11) NOT NULL,
  `DateEtape` date NOT NULL,
  `VilleDép` text NOT NULL,
  `VilleArr` text NOT NULL,
  `NbKm` int(11) NOT NULL
) ENGINE=MyISAM DEFAULT CHARSET=utf8;

--
-- Contenu de la table `etape`
--

INSERT INTO `etape` (`NumEtape`, `DateEtape`, `VilleDép`, `VilleArr`, `NbKm`) VALUES
(10, '1999-07-14', 'Sestrières', 'L''Alpe d''Huez', 220),
(11, '1999-07-15', 'Bourg d''Oisans', 'Saint-Etienne', 198),
(12, '1999-07-16', 'Saint-Galmier', 'Saint-Flour', 202),
(13, '1999-07-17', 'Saint-Flour', 'Albi', 236),
(14, '1999-07-18', 'Castres', 'Saint-Gaudens', 199),
(15, '1999-07-20', 'Saint-Gaudens', 'Piau-Engaly', 173),
(16, '1999-07-21', 'Lannemezan', 'Pau', 192),
(17, '1999-07-22', 'Moureenx', 'Bordeaux', 200),
(18, '1999-07-23', 'Jonzac', 'Futuroscope', 187),
(19, '1999-07-24', 'Futuroscope', 'Futuroscope', 57),
(20, '1999-07-25', 'Arpajon', 'Paris', 144),
(8, '1999-07-11', 'Metz', 'Metz', 56),
(9, '1999-07-13', 'Le Grand Bornand', 'Sestrières', 214),
(0, '1999-07-03', 'Puy du Fou', 'Puy du Fou', 7),
(1, '1999-07-04', 'Montaigu', 'Challans', 203),
(2, '1999-07-05', 'Challans', 'Saint-Nazaire', 176),
(3, '1999-07-06', 'Nantes', 'Laval', 194),
(4, '1999-07-07', 'Laval', 'Blois', 194),
(5, '1999-07-08', 'Bonneval', 'Amiens', 233),
(6, '1999-07-09', 'Amiens', ' Maubeuge', 171),
(7, '1999-07-10', 'Avesnes-sur-Helpe', 'Thionville', 227);

-- --------------------------------------------------------

--
-- Structure de la table `pays`
--

CREATE TABLE IF NOT EXISTS `pays` (
  `CodePays` varchar(3) NOT NULL,
  `NomPays` text NOT NULL
) ENGINE=MyISAM DEFAULT CHARSET=utf8;

--
-- Contenu de la table `pays`
--

INSERT INTO `pays` (`CodePays`, `NomPays`) VALUES
('AUS', 'Australie'),
('AUT', 'Autriche'),
('BEL', 'Belgique'),
('COL', 'Colombie'),
('CZE', 'Tchécoslovaquie'),
('DEN', 'Danemark'),
('ESP', 'Espagne'),
('EST', 'Estonie'),
('FRA', 'France'),
('GBR', 'Grande-Bretagne'),
('GER', 'Allemagne'),
('ITA', 'Italie'),
('KAZ', 'Kazakhstan'),
('LET', 'Lettonie'),
('NED', 'Pays-Bas'),
('POL', 'Pologne'),
('RUS', 'Russie'),
('SLO', 'Slovénie'),
('SUI', 'Suisse'),
('SWE', 'Suède'),
('USA', 'Etats-Unis');

-- --------------------------------------------------------

--
-- Structure de la table `temps`
--

CREATE TABLE IF NOT EXISTS `temps` (
  `NumCoureur` int(11) NOT NULL,
  `NumEtape` int(11) NOT NULL,
  `TpsRealise` time NOT NULL,
  `Classement` int(11) NOT NULL
) ENGINE=MyISAM DEFAULT CHARSET=utf8;

--
-- Contenu de la table `temps`
--

INSERT INTO `temps` (`NumCoureur`, `NumEtape`, `TpsRealise`, `Classement`) VALUES
(1, 0, '00:08:30', 22),
(1, 1, '04:56:18', 41),
(1, 2, '03:45:32', 42),
(1, 3, '04:29:27', 28),
(1, 4, '03:51:45', 33),
(1, 5, '05:36:28', 44),
(1, 6, '04:11:09', 58),
(1, 7, '05:26:59', 60),
(1, 8, '00:00:00', 999),
(101, 0, '00:08:46', 75),
(101, 1, '04:56:18', 128),
(101, 10, '07:16:51', 112),
(101, 11, '04:57:15', 114),
(101, 12, '05:07:11', 82),
(101, 13, '05:52:47', 2),
(101, 14, '04:51:26', 71),
(101, 15, '05:56:37', 113),
(101, 16, '05:41:46', 71),
(101, 17, '04:23:38', 133),
(101, 18, '04:20:50', 80),
(101, 19, '01:14:14', 40),
(101, 2, '03:45:32', 37),
(101, 20, '03:37:39', 26),
(101, 3, '04:29:27', 106),
(101, 4, '03:51:45', 102),
(101, 5, '05:36:28', 65),
(101, 6, '04:11:09', 62),
(101, 7, '05:26:59', 88),
(101, 8, '01:14:10', 26),
(101, 9, '06:13:54', 50),
(102, 0, '00:08:59', 136),
(102, 1, '04:56:18', 95),
(102, 10, '00:00:00', 999),
(102, 2, '04:14:24', 177),
(102, 3, '04:32:01', 173),
(102, 4, '03:51:45', 106),
(102, 5, '05:36:28', 108),
(102, 6, '04:20:00', 176),
(102, 7, '05:26:59', 126),
(102, 8, '01:14:52', 40),
(102, 9, '06:47:28', 166),
(103, 0, '00:08:34', 28),
(103, 1, '04:56:18', 60),
(103, 10, '07:07:22', 59),
(103, 11, '04:34:03', 1),
(103, 12, '05:06:27', 43),
(103, 13, '06:15:09', 24),
(103, 14, '04:51:26', 101),
(103, 15, '00:00:00', 999),
(103, 2, '04:00:48', 136),
(103, 3, '04:30:35', 168),
(103, 4, '03:51:45', 104),
(103, 5, '05:36:28', 41),
(103, 6, '04:11:09', 107),
(103, 7, '05:26:59', 16),
(103, 8, '01:14:15', 27),
(103, 9, '06:24:23', 75),
(104, 0, '00:08:41', 56),
(104, 1, '04:56:18', 147),
(104, 10, '00:00:00', 999),
(104, 2, '03:51:35', 95),
(104, 3, '04:29:27', 111),
(104, 4, '03:51:45', 136),
(104, 5, '05:36:28', 13),
(104, 6, '04:11:09', 65),
(104, 7, '05:26:59', 24),
(104, 8, '01:13:32', 18),
(104, 9, '06:37:40', 143),
(105, 0, '00:09:08', 158),
(105, 1, '04:56:18', 133),
(105, 10, '07:16:51', 110),
(105, 11, '04:56:25', 88),
(105, 12, '05:06:52', 67),
(105, 13, '05:54:52', 3),
(105, 14, '04:51:26', 23),
(105, 15, '05:41:25', 41),
(105, 16, '05:19:20', 15),
(105, 17, '04:22:29', 28),
(105, 18, '04:17:43', 4),
(105, 19, '01:14:42', 47),
(105, 2, '03:51:35', 116),
(105, 20, '03:37:39', 14),
(105, 3, '04:29:27', 90),
(105, 4, '03:51:45', 154),
(105, 5, '05:36:28', 167),
(105, 6, '04:11:09', 66),
(105, 7, '05:26:59', 160),
(105, 8, '01:19:26', 141),
(105, 9, '06:31:47', 99),
(106, 0, '00:08:53', 108),
(106, 1, '04:56:18', 142),
(106, 10, '07:16:51', 104),
(106, 11, '04:57:15', 134),
(106, 12, '05:07:11', 70),
(106, 13, '06:15:09', 26),
(106, 14, '04:51:26', 36),
(106, 15, '05:56:37', 126),
(106, 16, '05:43:27', 96),
(106, 17, '04:22:29', 106),
(106, 18, '04:20:50', 103),
(106, 19, '01:13:00', 26),
(106, 2, '04:00:48', 128),
(106, 20, '03:37:39', 119),
(106, 3, '04:29:27', 118),
(106, 4, '03:51:45', 113),
(106, 5, '05:36:28', 154),
(106, 6, '04:11:09', 140),
(106, 7, '05:26:59', 170),
(106, 8, '01:16:40', 78),
(106, 9, '06:31:47', 112),
(107, 0, '00:09:12', 165),
(107, 1, '04:56:18', 36),
(107, 10, '00:00:00', 999),
(107, 2, '03:45:32', 15),
(107, 3, '04:29:27', 35),
(107, 4, '03:51:45', 24),
(107, 5, '05:36:28', 92),
(107, 6, '04:11:09', 57),
(107, 7, '05:26:59', 21),
(107, 8, '01:18:55', 135),
(107, 9, '06:38:48', 164),
(108, 0, '00:08:56', 116),
(108, 1, '04:56:18', 26),
(108, 10, '00:00:00', 999),
(108, 2, '03:45:32', 7),
(108, 3, '04:29:27', 68),
(108, 4, '03:51:45', 14),
(108, 5, '05:36:28', 10),
(108, 6, '04:11:09', 4),
(108, 7, '05:26:59', 5),
(108, 8, '01:17:28', 97),
(108, 9, '06:37:40', 128),
(109, 0, '00:09:18', 171),
(109, 1, '04:56:18', 21),
(109, 10, '07:16:51', 151),
(109, 11, '04:57:15', 135),
(109, 12, '00:00:00', 999),
(109, 2, '03:51:35', 117),
(109, 3, '04:29:27', 122),
(109, 4, '03:51:45', 45),
(109, 5, '05:36:28', 116),
(109, 6, '04:11:09', 30),
(109, 7, '05:26:59', 53),
(109, 8, '01:18:38', 128),
(109, 9, '06:37:40', 131),
(11, 0, '00:08:52', 103),
(11, 1, '04:56:18', 66),
(11, 10, '06:49:53', 33),
(11, 11, '04:56:25', 76),
(11, 12, '05:06:27', 26),
(11, 13, '06:15:17', 100),
(11, 14, '04:51:26', 37),
(11, 15, '05:47:09', 56),
(11, 16, '05:30:12', 62),
(11, 17, '04:22:29', 72),
(11, 18, '04:17:43', 7),
(11, 19, '01:14:53', 53),
(11, 2, '03:45:32', 41),
(11, 20, '03:37:39', 87),
(11, 3, '04:29:27', 39),
(11, 4, '03:51:45', 80),
(11, 5, '05:36:28', 55),
(11, 6, '04:11:09', 131),
(11, 7, '05:26:59', 110),
(11, 8, '01:14:45', 37),
(11, 9, '06:02:02', 18),
(111, 0, '00:08:53', 107),
(111, 1, '04:56:18', 80),
(111, 10, '06:42:56', 3),
(111, 11, '04:56:25', 36),
(111, 12, '05:06:25', 21),
(111, 13, '06:15:09', 49),
(111, 14, '04:51:26', 42),
(111, 15, '05:19:49', 1),
(111, 16, '05:17:28', 12),
(111, 17, '04:22:29', 34),
(111, 18, '04:20:50', 35),
(111, 19, '01:12:28', 22),
(111, 2, '03:45:32', 35),
(111, 20, '03:37:39', 68),
(111, 3, '04:29:27', 63),
(111, 4, '03:51:45', 62),
(111, 5, '05:36:28', 87),
(111, 6, '04:11:09', 85),
(111, 7, '05:26:59', 54),
(111, 8, '01:15:12', 50),
(111, 9, '05:58:37', 3),
(112, 0, '00:08:57', 126),
(112, 1, '04:56:18', 151),
(112, 10, '06:49:31', 32),
(112, 11, '04:57:15', 132),
(112, 12, '04:55:01', 5),
(112, 13, '06:15:17', 97),
(112, 14, '04:51:26', 112),
(112, 15, '05:51:26', 69),
(112, 16, '05:19:20', 40),
(112, 17, '04:22:29', 104),
(112, 18, '04:20:50', 79),
(112, 19, '01:16:36', 83),
(112, 2, '04:04:55', 166),
(112, 20, '03:37:39', 105),
(112, 3, '04:29:27', 141),
(112, 4, '03:51:45', 118),
(112, 5, '05:36:28', 149),
(112, 6, '04:11:09', 127),
(112, 7, '05:26:59', 141),
(112, 8, '01:15:40', 55),
(112, 9, '06:01:45', 17),
(113, 0, '00:08:58', 132),
(113, 1, '04:56:18', 156),
(113, 10, '06:43:20', 10),
(113, 11, '04:57:15', 138),
(113, 12, '05:06:27', 34),
(113, 13, '06:15:09', 42),
(113, 14, '04:51:26', 54),
(113, 15, '05:29:16', 21),
(113, 16, '05:17:07', 2),
(113, 17, '04:22:29', 80),
(113, 18, '04:20:50', 65),
(113, 19, '01:16:04', 74),
(113, 2, '03:51:35', 112),
(113, 20, '03:37:39', 94),
(113, 3, '04:29:27', 148),
(113, 4, '03:51:45', 162),
(113, 5, '05:36:28', 153),
(113, 6, '04:11:09', 151),
(113, 7, '05:26:59', 154),
(113, 8, '01:17:32', 102),
(113, 9, '05:59:40', 7),
(114, 0, '00:09:28', 177),
(114, 1, '04:56:18', 131),
(114, 10, '07:16:51', 142),
(114, 11, '04:57:15', 107),
(114, 12, '05:14:59', 130),
(114, 13, '06:15:17', 101),
(114, 14, '04:51:26', 103),
(114, 15, '05:51:26', 64),
(114, 16, '05:43:27', 86),
(114, 17, '04:22:29', 96),
(114, 18, '04:20:50', 85),
(114, 19, '01:20:25', 140),
(114, 2, '04:00:48', 140),
(114, 20, '03:37:39', 73),
(114, 3, '04:29:27', 145),
(114, 4, '03:51:45', 156),
(114, 5, '05:36:28', 131),
(114, 6, '04:11:09', 132),
(114, 7, '05:26:59', 155),
(114, 8, '01:20:35', 159),
(114, 9, '06:31:47', 110),
(115, 0, '00:09:32', 179),
(115, 1, '04:56:18', 170),
(115, 10, '06:54:03', 40),
(115, 11, '04:57:15', 148),
(115, 12, '05:06:27', 58),
(115, 13, '06:15:17', 72),
(115, 14, '04:51:26', 80),
(115, 15, '05:36:35', 35),
(115, 16, '05:43:27', 105),
(115, 17, '04:22:29', 67),
(115, 18, '04:20:50', 106),
(115, 19, '01:15:26', 60),
(115, 2, '04:00:48', 135),
(115, 20, '03:37:39', 110),
(115, 3, '04:29:27', 146),
(115, 4, '03:51:45', 160),
(115, 5, '05:36:28', 152),
(115, 6, '04:11:09', 159),
(115, 7, '05:26:59', 156),
(115, 8, '01:17:55', 112),
(115, 9, '06:16:23', 62),
(116, 0, '00:09:20', 173),
(116, 1, '04:56:18', 137),
(116, 10, '07:12:36', 72),
(116, 11, '04:56:25', 95),
(116, 12, '05:06:55', 68),
(116, 13, '06:15:46', 138),
(116, 14, '04:51:26', 131),
(116, 15, '05:42:30', 45),
(116, 16, '05:43:27', 113),
(116, 17, '04:22:29', 121),
(116, 18, '04:20:50', 63),
(116, 19, '01:18:56', 134),
(116, 2, '03:51:35', 111),
(116, 20, '03:37:39', 125),
(116, 3, '04:29:27', 130),
(116, 4, '03:51:45', 158),
(116, 5, '05:36:28', 145),
(116, 6, '04:11:09', 163),
(116, 7, '05:26:59', 146),
(116, 8, '01:20:18', 157),
(116, 9, '06:33:25', 114),
(117, 0, '00:08:55', 113),
(117, 1, '04:56:18', 47),
(117, 2, '04:32:14', 178),
(117, 3, '00:00:00', 999),
(118, 0, '00:08:53', 110),
(118, 1, '04:56:18', 140),
(118, 10, '07:07:22', 64),
(118, 11, '04:56:25', 97),
(118, 12, '05:14:59', 140),
(118, 13, '05:54:52', 8),
(118, 14, '04:51:26', 76),
(118, 15, '05:32:17', 29),
(118, 16, '05:19:20', 21),
(118, 17, '04:22:29', 79),
(118, 18, '04:20:50', 54),
(118, 19, '01:13:11', 28),
(118, 2, '03:51:35', 90),
(118, 20, '03:37:39', 85),
(118, 3, '04:29:27', 95),
(118, 4, '03:51:45', 128),
(118, 5, '05:36:28', 134),
(118, 6, '04:11:09', 122),
(118, 7, '05:26:59', 148),
(118, 8, '01:14:31', 32),
(118, 9, '06:15:13', 55),
(119, 0, '00:09:06', 153),
(119, 1, '04:56:18', 86),
(119, 10, '07:16:51', 108),
(119, 11, '04:56:25', 70),
(119, 12, '05:07:11', 73),
(119, 13, '06:15:17', 91),
(119, 14, '04:51:26', 63),
(119, 15, '05:51:26', 68),
(119, 16, '05:43:27', 91),
(119, 17, '04:22:29', 71),
(119, 18, '04:20:50', 48),
(119, 19, '01:18:55', 132),
(119, 2, '03:51:35', 96),
(119, 20, '03:37:39', 77),
(119, 3, '04:29:27', 94),
(119, 4, '03:51:45', 75),
(119, 5, '05:36:28', 88),
(119, 6, '04:11:09', 89),
(119, 7, '05:26:59', 63),
(119, 8, '01:20:00', 154),
(119, 9, '06:31:47', 106),
(12, 0, '00:09:07', 156),
(12, 1, '04:56:18', 33),
(12, 10, '07:16:51', 128),
(12, 11, '04:57:15', 104),
(12, 12, '05:18:43', 146),
(12, 13, '06:15:17', 105),
(12, 14, '00:00:00', 999),
(12, 2, '04:04:55', 172),
(12, 3, '04:29:27', 139),
(12, 4, '03:51:45', 81),
(12, 5, '05:36:28', 34),
(12, 6, '04:11:09', 117),
(12, 7, '05:26:59', 31),
(12, 8, '01:20:51', 164),
(12, 9, '06:37:40', 154),
(121, 0, '00:08:28', 17),
(121, 1, '04:56:18', 51),
(121, 10, '06:45:13', 16),
(121, 11, '04:56:25', 37),
(121, 12, '05:06:27', 36),
(121, 13, '06:15:09', 37),
(121, 14, '04:51:26', 30),
(121, 15, '05:22:26', 6),
(121, 16, '05:19:20', 17),
(121, 17, '04:22:29', 42),
(121, 18, '04:20:50', 24),
(121, 19, '01:09:54', 4),
(121, 2, '03:45:32', 22),
(121, 20, '03:37:39', 35),
(121, 3, '04:29:27', 33),
(121, 4, '03:51:45', 39),
(121, 5, '05:36:28', 46),
(121, 6, '04:11:09', 45),
(121, 7, '05:26:59', 51),
(121, 8, '01:13:11', 14),
(121, 9, '06:00:44', 13),
(122, 0, '00:08:48', 83),
(122, 1, '04:56:18', 17),
(122, 10, '07:16:51', 153),
(122, 11, '04:57:15', 142),
(122, 12, '05:08:40', 99),
(122, 13, '06:15:17', 110),
(122, 14, '04:51:26', 20),
(122, 15, '05:47:09', 57),
(122, 16, '05:43:27', 118),
(122, 17, '04:22:29', 11),
(122, 18, '04:17:43', 9),
(122, 19, '01:18:40', 129),
(122, 2, '03:45:32', 56),
(122, 20, '03:37:39', 64),
(122, 3, '04:29:27', 9),
(122, 4, '03:51:45', 20),
(122, 5, '05:36:28', 22),
(122, 6, '04:11:09', 18),
(122, 7, '05:26:59', 13),
(122, 8, '01:18:04', 117),
(122, 9, '06:37:40', 133),
(123, 0, '00:08:47', 78),
(123, 1, '04:56:18', 138),
(123, 10, '07:16:51', 92),
(123, 11, '04:57:15', 131),
(123, 12, '05:07:11', 74),
(123, 13, '06:15:46', 133),
(123, 14, '04:51:26', 89),
(123, 15, '05:39:29', 39),
(123, 16, '05:19:20', 51),
(123, 17, '04:22:29', 92),
(123, 18, '04:20:50', 98),
(123, 19, '01:18:12', 123),
(123, 2, '03:51:35', 94),
(123, 20, '03:37:39', 104),
(123, 3, '04:29:27', 124),
(123, 4, '03:51:45', 145),
(123, 5, '05:36:28', 151),
(123, 6, '04:11:09', 147),
(123, 7, '05:26:59', 142),
(123, 8, '01:16:58', 85),
(123, 9, '06:31:47', 100),
(124, 0, '00:08:58', 130),
(124, 1, '04:56:18', 99),
(124, 10, '07:10:19', 70),
(124, 11, '04:56:25', 78),
(124, 12, '05:07:33', 89),
(124, 13, '05:54:57', 10),
(124, 14, '04:51:26', 77),
(124, 15, '05:39:29', 38),
(124, 16, '05:43:27', 103),
(124, 17, '04:22:29', 66),
(124, 18, '04:20:50', 66),
(124, 19, '01:19:07', 135),
(124, 2, '03:45:32', 38),
(124, 20, '03:37:39', 45),
(124, 3, '04:29:27', 29),
(124, 4, '03:51:45', 49),
(124, 5, '05:36:28', 82),
(124, 6, '04:11:09', 118),
(124, 7, '05:26:59', 113),
(124, 8, '01:16:07', 68),
(124, 9, '06:12:24', 48),
(125, 0, '00:08:58', 129),
(125, 1, '04:56:18', 143),
(125, 10, '06:47:57', 24),
(125, 11, '04:56:25', 82),
(125, 12, '05:06:27', 56),
(125, 13, '06:15:17', 107),
(125, 14, '04:51:26', 94),
(125, 15, '05:23:28', 9),
(125, 16, '05:17:28', 9),
(125, 17, '04:22:29', 105),
(125, 18, '04:20:50', 61),
(125, 19, '01:15:02', 56),
(125, 2, '03:51:35', 121),
(125, 20, '03:37:39', 124),
(125, 3, '04:29:27', 136),
(125, 4, '03:51:45', 121),
(125, 5, '05:36:28', 137),
(125, 6, '04:11:09', 120),
(125, 7, '05:26:59', 123),
(125, 8, '01:18:23', 125),
(125, 9, '06:12:09', 45),
(126, 0, '00:08:31', 23),
(126, 1, '04:56:18', 160),
(126, 10, '06:57:01', 50),
(126, 11, '04:57:15', 115),
(126, 12, '05:07:11', 79),
(126, 13, '06:15:17', 65),
(126, 14, '04:51:26', 98),
(126, 15, '05:27:58', 20),
(126, 16, '05:19:20', 50),
(126, 17, '04:22:29', 86),
(126, 18, '04:20:50', 53),
(126, 19, '01:10:45', 8),
(126, 2, '03:45:32', 51),
(126, 20, '03:37:39', 82),
(126, 3, '04:29:27', 100),
(126, 4, '03:51:45', 76),
(126, 5, '05:36:28', 100),
(126, 6, '04:11:09', 138),
(126, 7, '05:26:59', 103),
(126, 8, '01:12:17', 7),
(126, 9, '06:10:10', 37),
(127, 0, '00:08:44', 67),
(127, 1, '04:56:18', 18),
(127, 10, '07:16:51', 84),
(127, 11, '04:57:15', 113),
(127, 12, '05:31:28', 155),
(127, 13, '06:15:17', 74),
(127, 14, '04:51:26', 100),
(127, 15, '05:56:37', 92),
(127, 16, '05:43:27', 85),
(127, 17, '04:22:29', 57),
(127, 18, '04:20:50', 32),
(127, 19, '01:15:53', 66),
(127, 2, '03:51:35', 86),
(127, 20, '03:37:39', 76),
(127, 3, '04:29:27', 116),
(127, 4, '03:51:45', 31),
(127, 5, '05:36:28', 21),
(127, 6, '04:11:09', 31),
(127, 7, '05:26:59', 67),
(127, 8, '01:18:22', 124),
(127, 9, '06:37:40', 125),
(128, 0, '00:09:17', 166),
(128, 1, '04:56:18', 52),
(128, 10, '07:16:51', 94),
(128, 11, '04:56:25', 39),
(128, 12, '05:07:11', 72),
(128, 13, '06:15:17', 81),
(128, 14, '04:51:26', 38),
(128, 15, '05:56:37', 75),
(128, 16, '05:30:12', 64),
(128, 17, '04:22:29', 39),
(128, 18, '04:20:50', 52),
(128, 19, '01:18:45', 131),
(128, 2, '03:51:35', 93),
(128, 20, '03:37:39', 50),
(128, 3, '04:29:27', 45),
(128, 4, '03:51:45', 71),
(128, 5, '05:36:28', 59),
(128, 6, '04:11:09', 67),
(128, 7, '05:26:59', 84),
(128, 8, '01:19:15', 138),
(128, 9, '06:20:28', 69),
(129, 0, '00:08:35', 31),
(129, 1, '04:56:18', 149),
(129, 2, '04:00:48', 153),
(129, 3, '04:29:27', 125),
(129, 4, '03:51:45', 159),
(129, 5, '05:36:28', 158),
(129, 6, '04:20:00', 175),
(129, 7, '05:26:59', 157),
(129, 8, '01:19:16', 140),
(129, 9, '00:00:00', 999),
(13, 0, '00:09:21', 174),
(13, 1, '04:56:18', 166),
(13, 10, '07:16:51', 102),
(13, 11, '04:57:15', 127),
(13, 12, '05:14:59', 120),
(13, 13, '06:15:17', 104),
(13, 14, '04:51:26', 111),
(13, 15, '05:56:37', 122),
(13, 16, '05:43:27', 117),
(13, 17, '04:22:29', 126),
(13, 18, '04:20:50', 131),
(13, 19, '01:20:49', 141),
(13, 2, '03:51:35', 109),
(13, 20, '03:37:39', 118),
(13, 3, '04:29:27', 127),
(13, 4, '03:51:45', 131),
(13, 5, '05:36:28', 136),
(13, 6, '04:11:09', 136),
(13, 7, '05:26:59', 135),
(13, 8, '01:20:10', 155),
(13, 9, '06:31:47', 88),
(131, 0, '00:08:30', 21),
(131, 1, '04:56:18', 9),
(131, 10, '06:48:47', 30),
(131, 11, '04:56:21', 15),
(131, 12, '04:54:15', 2),
(131, 13, '06:15:09', 20),
(131, 14, '04:51:26', 21),
(131, 15, '05:51:26', 61),
(131, 16, '05:19:20', 14),
(131, 17, '04:22:29', 14),
(131, 18, '04:17:43', 6),
(131, 19, '01:14:27', 43),
(131, 2, '03:45:32', 10),
(131, 20, '03:37:39', 16),
(131, 3, '04:29:27', 11),
(131, 4, '03:51:45', 13),
(131, 5, '05:36:28', 23),
(131, 6, '04:11:09', 23),
(131, 7, '05:26:59', 10),
(131, 8, '01:15:43', 57),
(131, 9, '06:15:13', 59),
(132, 0, '00:08:35', 30),
(132, 1, '04:56:18', 22),
(132, 10, '07:16:51', 141),
(132, 11, '04:57:15', 141),
(132, 12, '00:00:00', 999),
(132, 2, '03:45:32', 33),
(132, 3, '04:29:27', 37),
(132, 4, '03:51:45', 22),
(132, 5, '05:36:28', 138),
(132, 6, '04:11:09', 39),
(132, 7, '05:26:59', 56),
(132, 8, '01:13:18', 16),
(132, 9, '06:37:40', 140),
(133, 0, '00:08:18', 5),
(133, 1, '04:56:18', 153),
(133, 10, '07:16:51', 106),
(133, 11, '04:57:15', 124),
(133, 12, '05:14:59', 111),
(133, 13, '06:15:17', 73),
(133, 14, '04:51:26', 104),
(133, 15, '05:56:37', 114),
(133, 16, '05:43:27', 77),
(133, 17, '04:22:29', 94),
(133, 18, '04:20:50', 100),
(133, 19, '01:11:46', 15),
(133, 2, '04:00:48', 130),
(133, 20, '03:37:39', 102),
(133, 3, '04:29:27', 121),
(133, 4, '03:51:45', 105),
(133, 5, '05:36:28', 124),
(133, 6, '04:11:09', 54),
(133, 7, '05:26:59', 120),
(133, 8, '01:12:08', 6),
(133, 9, '06:37:40', 137),
(134, 0, '00:09:17', 167),
(134, 1, '04:56:18', 15),
(134, 10, '07:16:51', 89),
(134, 11, '04:56:21', 17),
(134, 12, '05:18:43', 149),
(134, 13, '06:15:17', 56),
(134, 14, '04:51:26', 22),
(134, 15, '05:56:37', 101),
(134, 16, '05:43:27', 98),
(134, 17, '04:22:29', 40),
(134, 18, '04:20:50', 135),
(134, 19, '01:17:37', 111),
(134, 2, '03:45:32', 12),
(134, 20, '03:37:39', 34),
(134, 3, '04:29:27', 43),
(134, 4, '03:51:45', 15),
(134, 5, '05:36:28', 17),
(134, 6, '04:11:09', 14),
(134, 7, '05:26:59', 15),
(134, 8, '01:20:59', 167),
(134, 9, '06:37:40', 136),
(135, 0, '00:08:58', 131),
(135, 1, '04:56:18', 178),
(135, 10, '07:16:51', 119),
(135, 11, '04:56:25', 99),
(135, 12, '05:14:59', 109),
(135, 13, '06:15:17', 112),
(135, 14, '04:51:26', 107),
(135, 15, '05:56:37', 116),
(135, 16, '05:43:27', 115),
(135, 17, '04:22:29', 49),
(135, 18, '04:20:50', 119),
(135, 19, '01:20:06', 139),
(135, 2, '04:00:48', 151),
(135, 20, '03:37:39', 95),
(135, 3, '04:29:27', 158),
(135, 4, '03:51:45', 116),
(135, 5, '05:36:28', 85),
(135, 6, '04:11:09', 112),
(135, 7, '05:26:59', 117),
(135, 8, '01:18:50', 132),
(135, 9, '06:37:40', 149),
(136, 0, '00:08:28', 16),
(136, 1, '04:56:18', 4),
(136, 10, '07:16:51', 109),
(136, 11, '04:56:21', 14),
(136, 12, '05:13:35', 105),
(136, 13, '06:15:09', 18),
(136, 14, '04:51:26', 8),
(136, 15, '05:56:37', 104),
(136, 16, '05:43:27', 130),
(136, 17, '04:24:29', 137),
(136, 18, '04:20:50', 16),
(136, 19, '01:11:04', 10),
(136, 2, '03:45:32', 9),
(136, 20, '03:37:39', 4),
(136, 3, '04:29:27', 3),
(136, 4, '03:51:45', 3),
(136, 5, '05:36:28', 6),
(136, 6, '04:11:09', 8),
(136, 7, '05:26:59', 2),
(136, 8, '01:12:21', 9),
(136, 9, '06:37:40', 135),
(137, 0, '00:09:06', 151),
(137, 1, '04:56:18', 35),
(137, 10, '06:54:56', 44),
(137, 11, '04:56:25', 28),
(137, 12, '05:14:59', 131),
(137, 13, '06:15:17', 106),
(137, 14, '04:51:26', 65),
(137, 15, '05:56:37', 124),
(137, 16, '05:43:27', 116),
(137, 17, '04:22:29', 47),
(137, 18, '04:20:50', 83),
(137, 19, '01:13:40', 34),
(137, 2, '03:51:35', 92),
(137, 20, '03:37:39', 28),
(137, 3, '04:29:27', 52),
(137, 4, '03:51:45', 38),
(137, 5, '05:36:28', 39),
(137, 6, '04:11:09', 150),
(137, 7, '05:26:59', 93),
(137, 8, '01:18:12', 120),
(137, 9, '06:31:47', 104),
(138, 0, '00:08:38', 38),
(138, 1, '04:56:18', 83),
(138, 10, '07:16:51', 147),
(138, 11, '04:56:25', 56),
(138, 12, '05:18:43', 150),
(138, 13, '06:15:46', 144),
(138, 14, '04:53:16', 152),
(138, 15, '05:56:37', 138),
(138, 16, '05:43:27', 87),
(138, 17, '04:24:01', 136),
(138, 18, '04:20:50', 74),
(138, 19, '01:16:26', 79),
(138, 2, '03:45:32', 16),
(138, 20, '03:37:39', 11),
(138, 3, '04:29:27', 88),
(138, 4, '03:51:45', 35),
(138, 5, '05:36:28', 35),
(138, 6, '04:11:09', 48),
(138, 7, '05:26:59', 4),
(138, 8, '01:17:18', 92),
(138, 9, '06:37:40', 158),
(139, 0, '00:08:42', 58),
(139, 1, '04:56:18', 37),
(139, 10, '07:07:22', 62),
(139, 11, '04:57:15', 122),
(139, 12, '05:07:40', 90),
(139, 13, '06:15:09', 27),
(139, 14, '04:51:26', 95),
(139, 15, '05:56:37', 97),
(139, 16, '05:43:27', 89),
(139, 17, '04:22:29', 20),
(139, 18, '04:20:50', 78),
(139, 19, '01:11:02', 9),
(139, 2, '03:45:32', 20),
(139, 20, '03:37:39', 29),
(139, 3, '04:29:27', 61),
(139, 4, '03:51:45', 50),
(139, 5, '05:36:28', 127),
(139, 6, '04:11:09', 24),
(139, 7, '05:26:59', 70),
(139, 8, '01:12:18', 8),
(139, 9, '06:10:41', 43),
(14, 0, '00:08:52', 104),
(14, 1, '04:56:18', 169),
(14, 2, '03:51:35', 79),
(14, 3, '04:29:27', 101),
(14, 4, '03:51:45', 150),
(14, 5, '05:36:28', 133),
(14, 6, '04:11:09', 128),
(14, 7, '05:26:59', 139),
(14, 8, '01:16:03', 66),
(14, 9, '00:00:00', 999),
(141, 0, '00:08:41', 57),
(141, 1, '04:56:18', 111),
(141, 10, '07:10:19', 65),
(141, 11, '04:35:31', 4),
(141, 12, '05:06:27', 29),
(141, 13, '06:15:17', 108),
(141, 14, '04:38:50', 6),
(141, 15, '05:23:49', 10),
(141, 16, '05:17:28', 7),
(141, 17, '04:22:29', 53),
(141, 18, '04:20:50', 55),
(141, 19, '01:10:40', 7),
(141, 2, '03:51:35', 91),
(141, 20, '03:37:39', 32),
(141, 3, '04:29:27', 22),
(141, 4, '03:51:45', 137),
(141, 5, '05:36:28', 132),
(141, 6, '04:11:09', 101),
(141, 7, '05:26:59', 122),
(141, 8, '01:15:53', 62),
(141, 9, '06:02:15', 22),
(142, 0, '00:08:23', 9),
(142, 1, '04:56:18', 28),
(142, 10, '07:00:54', 53),
(142, 11, '04:56:25', 44),
(142, 12, '05:06:27', 44),
(142, 13, '06:15:17', 61),
(142, 14, '04:51:26', 31),
(142, 15, '05:51:26', 58),
(142, 16, '05:43:27', 90),
(142, 17, '04:22:29', 13),
(142, 18, '04:20:50', 50),
(142, 19, '01:11:21', 14),
(142, 2, '04:00:48', 142),
(142, 20, '03:37:39', 61),
(142, 3, '04:29:27', 54),
(142, 4, '03:51:45', 112),
(142, 5, '05:36:28', 53),
(142, 6, '04:11:09', 33),
(142, 7, '05:26:59', 71),
(142, 8, '01:15:53', 63),
(142, 9, '06:31:47', 89),
(143, 0, '00:08:39', 47),
(143, 1, '04:56:18', 122),
(143, 10, '07:16:51', 125),
(143, 11, '04:56:25', 91),
(143, 12, '05:13:35', 107),
(143, 13, '06:15:17', 114),
(143, 14, '04:51:26', 105),
(143, 15, '05:51:26', 66),
(143, 16, '05:43:27', 104),
(143, 17, '04:22:29', 75),
(143, 18, '04:20:50', 108),
(143, 19, '01:12:24', 21),
(143, 2, '03:51:35', 81),
(143, 20, '03:37:39', 81),
(143, 3, '04:29:27', 89),
(143, 4, '03:51:45', 135),
(143, 5, '05:36:28', 125),
(143, 6, '04:11:09', 102),
(143, 7, '05:26:59', 121),
(143, 8, '01:16:23', 74),
(143, 9, '06:37:40', 155),
(144, 0, '00:09:19', 172),
(144, 1, '04:56:18', 39),
(144, 10, '07:16:51', 100),
(144, 11, '04:56:25', 62),
(144, 12, '05:14:59', 122),
(144, 13, '06:15:17', 99),
(144, 14, '04:51:26', 113),
(144, 15, '05:56:37', 108),
(144, 16, '05:43:27', 74),
(144, 17, '04:22:29', 119),
(144, 18, '04:20:50', 102),
(144, 19, '01:17:22', 103),
(144, 2, '03:45:32', 19),
(144, 20, '03:37:39', 30),
(144, 3, '04:29:27', 56),
(144, 4, '03:51:45', 41),
(144, 5, '05:36:28', 95),
(144, 6, '04:11:09', 68),
(144, 7, '05:26:59', 58),
(144, 8, '01:20:59', 166),
(144, 9, '06:37:40', 121),
(145, 0, '00:08:41', 55),
(145, 1, '04:56:18', 89),
(145, 10, '06:54:45', 42),
(145, 11, '04:56:25', 65),
(145, 12, '05:07:11', 77),
(145, 13, '06:15:17', 71),
(145, 14, '04:51:26', 70),
(145, 15, '05:51:26', 59),
(145, 16, '05:19:20', 27),
(145, 17, '04:27:05', 141),
(145, 18, '04:20:50', 77),
(145, 19, '01:12:12', 20),
(145, 2, '03:51:35', 77),
(145, 20, '03:37:39', 113),
(145, 3, '04:29:27', 75),
(145, 4, '03:51:45', 99),
(145, 5, '05:36:28', 50),
(145, 6, '04:11:09', 90),
(145, 7, '05:26:59', 130),
(145, 8, '01:16:56', 84),
(145, 9, '06:31:47', 93),
(146, 0, '00:08:38', 37),
(146, 1, '04:56:18', 155),
(146, 10, '07:16:51', 140),
(146, 11, '04:37:56', 6),
(146, 12, '05:14:59', 117),
(146, 13, '06:16:05', 150),
(146, 14, '04:53:16', 135),
(146, 15, '05:56:37', 115),
(146, 16, '05:30:12', 57),
(146, 17, '04:25:59', 138),
(146, 18, '04:20:50', 111),
(146, 19, '01:12:41', 25),
(146, 2, '04:00:48', 146),
(146, 20, '03:37:39', 106),
(146, 3, '04:29:27', 161),
(146, 4, '03:51:45', 167),
(146, 5, '05:36:28', 161),
(146, 6, '04:11:09', 144),
(146, 7, '05:26:59', 161),
(146, 8, '01:15:07', 47),
(146, 9, '06:37:40', 152),
(147, 0, '00:08:49', 90),
(147, 1, '04:56:18', 114),
(147, 10, '07:16:51', 95),
(147, 11, '04:56:25', 64),
(147, 12, '05:06:27', 41),
(147, 13, '06:15:17', 57),
(147, 14, '04:51:26', 81),
(147, 15, '05:35:32', 34),
(147, 16, '05:19:20', 18),
(147, 17, '04:26:45', 140),
(147, 18, '04:20:50', 56),
(147, 19, '01:17:40', 114),
(147, 2, '03:45:32', 61),
(147, 20, '03:37:39', 115),
(147, 3, '04:29:27', 119),
(147, 4, '03:51:45', 74),
(147, 5, '05:36:28', 105),
(147, 6, '04:11:09', 106),
(147, 7, '05:26:59', 124),
(147, 8, '01:17:42', 108),
(147, 9, '06:04:37', 27),
(148, 0, '00:08:17', 4),
(148, 1, '04:56:18', 10),
(148, 10, '06:48:03', 26),
(148, 11, '04:56:25', 23),
(148, 12, '05:06:27', 30),
(148, 13, '06:15:09', 31),
(148, 14, '04:51:26', 16),
(148, 15, '05:31:05', 24),
(148, 16, '05:30:12', 56),
(148, 17, '04:22:29', 18),
(148, 18, '04:20:50', 19),
(148, 19, '01:19:14', 137),
(148, 2, '03:45:32', 13),
(148, 20, '03:37:39', 12),
(148, 3, '04:29:27', 13),
(148, 4, '03:51:45', 17),
(148, 5, '05:36:28', 12),
(148, 6, '04:11:09', 16),
(148, 7, '05:26:59', 18),
(148, 8, '01:10:41', 3),
(148, 9, '06:02:15', 20),
(149, 0, '00:08:37', 34),
(149, 1, '04:56:18', 91),
(149, 10, '07:16:51', 90),
(149, 11, '04:56:25', 48),
(149, 12, '04:55:40', 10),
(149, 13, '06:15:17', 70),
(149, 14, '04:51:26', 79),
(149, 15, '00:00:00', 999),
(149, 2, '03:45:32', 59),
(149, 3, '04:29:27', 105),
(149, 4, '03:51:45', 57),
(149, 5, '05:36:28', 81),
(149, 6, '04:11:09', 70),
(149, 7, '05:26:59', 85),
(149, 8, '01:15:06', 45),
(149, 9, '06:10:10', 41),
(15, 0, '00:09:17', 169),
(15, 1, '04:56:18', 159),
(15, 2, '04:04:55', 173),
(15, 3, '04:32:39', 176),
(15, 4, '03:53:01', 177),
(15, 5, '05:37:48', 175),
(15, 6, '04:12:38', 173),
(15, 7, '05:28:39', 176),
(15, 8, '01:20:47', 162),
(15, 9, '00:00:00', 999),
(151, 0, '00:08:49', 87),
(151, 1, '04:56:18', 90),
(151, 10, '06:48:37', 28),
(151, 11, '04:56:25', 63),
(151, 12, '05:06:27', 50),
(151, 13, '06:15:17', 122),
(151, 14, '04:51:26', 93),
(151, 15, '05:43:37', 49),
(151, 16, '05:43:27', 138),
(151, 17, '04:22:29', 98),
(151, 18, '04:17:43', 2),
(151, 19, '01:17:22', 104),
(151, 2, '03:51:35', 76),
(151, 20, '03:37:39', 69),
(151, 3, '04:29:27', 92),
(151, 4, '03:51:45', 68),
(151, 5, '05:36:28', 69),
(151, 6, '04:11:09', 80),
(151, 7, '05:26:59', 61),
(151, 8, '01:17:19', 93),
(151, 9, '06:15:13', 52),
(152, 0, '00:08:46', 71),
(152, 1, '04:56:18', 75),
(152, 10, '07:16:51', 82),
(152, 11, '04:56:25', 86),
(152, 12, '00:00:00', 999),
(152, 2, '04:04:55', 159),
(152, 3, '04:29:27', 70),
(152, 4, '03:51:45', 46),
(152, 5, '05:36:28', 77),
(152, 6, '04:11:09', 26),
(152, 7, '05:26:59', 133),
(152, 8, '01:16:18', 72),
(152, 9, '06:17:17', 66),
(153, 0, '00:08:57', 121),
(153, 1, '04:56:18', 6),
(153, 2, '03:45:32', 5),
(153, 3, '04:29:27', 6),
(153, 4, '03:51:45', 12),
(153, 5, '05:36:28', 11),
(153, 6, '04:11:09', 12),
(153, 7, '05:26:59', 8),
(153, 8, '01:23:36', 175),
(153, 9, '00:00:00', 999),
(154, 0, '00:08:58', 128),
(154, 1, '04:56:18', 171),
(154, 10, '07:16:51', 111),
(154, 11, '04:56:25', 34),
(154, 12, '05:08:24', 97),
(154, 13, '06:15:17', 113),
(154, 14, '04:51:26', 72),
(154, 15, '05:56:37', 105),
(154, 16, '05:43:27', 109),
(154, 17, '04:22:29', 15),
(154, 18, '04:20:50', 45),
(154, 19, '01:16:48', 88),
(154, 2, '03:45:32', 60),
(154, 20, '03:37:39', 25),
(154, 3, '04:30:50', 170),
(154, 4, '03:51:45', 152),
(154, 5, '05:36:28', 36),
(154, 6, '04:11:09', 164),
(154, 7, '05:26:59', 49),
(154, 8, '01:22:14', 173),
(154, 9, '06:33:29', 115),
(155, 0, '00:08:37', 33),
(155, 1, '04:56:18', 32),
(155, 10, '06:44:14', 11),
(155, 11, '04:56:25', 24),
(155, 12, '04:55:24', 9),
(155, 13, '06:15:09', 44),
(155, 14, '04:51:26', 40),
(155, 15, '05:35:10', 32),
(155, 16, '05:19:20', 33),
(155, 17, '04:22:29', 33),
(155, 18, '04:20:50', 47),
(155, 19, '01:12:08', 18),
(155, 2, '03:45:32', 45),
(155, 20, '03:37:39', 59),
(155, 3, '04:29:27', 25),
(155, 4, '03:51:45', 61),
(155, 5, '05:36:28', 47),
(155, 6, '04:11:09', 78),
(155, 7, '05:26:59', 48),
(155, 8, '01:13:51', 21),
(155, 9, '06:10:10', 38),
(156, 0, '00:08:41', 54),
(156, 1, '04:56:18', 68),
(156, 10, '07:16:51', 120),
(156, 11, '04:56:25', 83),
(156, 12, '05:14:59', 114),
(156, 13, '05:54:52', 6),
(156, 14, '04:51:26', 15),
(156, 15, '05:56:37', 87),
(156, 16, '05:30:12', 55),
(156, 17, '04:22:29', 31),
(156, 18, '04:20:50', 89),
(156, 19, '01:18:55', 133),
(156, 2, '03:45:32', 63),
(156, 20, '03:37:39', 80),
(156, 3, '04:29:27', 23),
(156, 4, '03:51:45', 32),
(156, 5, '05:36:28', 56),
(156, 6, '04:11:09', 63),
(156, 7, '05:26:59', 19),
(156, 8, '01:17:06', 89),
(156, 9, '06:31:47', 94),
(157, 0, '00:08:40', 48),
(157, 1, '04:56:18', 25),
(157, 10, '07:16:51', 75),
(157, 11, '04:56:21', 12),
(157, 12, '05:18:43', 148),
(157, 13, '06:15:17', 64),
(157, 14, '04:51:26', 12),
(157, 15, '05:56:37', 81),
(157, 16, '05:43:27', 99),
(157, 17, '04:22:29', 6),
(157, 18, '04:20:50', 28),
(157, 19, '01:16:33', 82),
(157, 2, '03:45:32', 68),
(157, 20, '03:37:39', 6),
(157, 3, '04:29:27', 18),
(157, 4, '03:51:45', 19),
(157, 5, '05:36:28', 19),
(157, 6, '04:11:09', 10),
(157, 7, '05:26:59', 11),
(157, 8, '01:18:11', 119),
(157, 9, '06:37:40', 157),
(158, 0, '00:08:46', 72),
(158, 1, '04:56:18', 62),
(158, 10, '07:16:51', 116),
(158, 11, '04:56:25', 54),
(158, 12, '05:06:27', 52),
(158, 13, '06:15:17', 63),
(158, 14, '04:51:26', 119),
(158, 15, '05:56:37', 107),
(158, 16, '05:43:27', 111),
(158, 17, '04:22:29', 77),
(158, 18, '04:20:50', 37),
(158, 19, '01:15:49', 65),
(158, 2, '03:51:35', 113),
(158, 20, '03:37:39', 116),
(158, 3, '04:29:27', 132),
(158, 4, '03:51:45', 170),
(158, 5, '05:36:28', 104),
(158, 6, '04:11:09', 83),
(158, 7, '05:26:59', 109),
(158, 8, '01:15:29', 53),
(158, 9, '06:37:40', 160),
(159, 0, '00:09:04', 145),
(159, 1, '04:56:18', 105),
(159, 10, '07:16:51', 154),
(159, 11, '04:57:15', 153),
(159, 12, '05:25:04', 153),
(159, 13, '06:15:09', 35),
(159, 14, '04:51:26', 132),
(159, 15, '00:00:00', 999),
(159, 2, '03:51:35', 114),
(159, 3, '04:29:27', 36),
(159, 4, '03:51:45', 8),
(159, 5, '05:36:28', 9),
(159, 6, '04:11:09', 5),
(159, 7, '05:26:59', 6),
(159, 8, '01:17:44', 110),
(159, 9, '06:37:40', 147),
(16, 0, '00:08:39', 44),
(16, 1, '04:56:18', 94),
(16, 10, '07:16:51', 85),
(16, 11, '04:56:25', 90),
(16, 12, '05:14:59', 121),
(16, 13, '06:15:17', 89),
(16, 14, '04:51:26', 116),
(16, 15, '05:35:27', 33),
(16, 16, '05:19:20', 24),
(16, 17, '04:22:29', 107),
(16, 18, '04:20:50', 86),
(16, 19, '01:13:34', 32),
(16, 2, '03:51:35', 78),
(16, 20, '03:37:39', 47),
(16, 3, '04:29:27', 58),
(16, 4, '03:51:45', 143),
(16, 5, '05:36:28', 63),
(16, 6, '04:11:09', 130),
(16, 7, '05:26:59', 112),
(16, 8, '01:14:51', 39),
(16, 9, '06:17:17', 65),
(161, 0, '00:08:09', 2),
(161, 1, '04:56:18', 70),
(161, 10, '06:42:56', 4),
(161, 11, '04:56:25', 53),
(161, 12, '05:06:25', 16),
(161, 13, '06:15:09', 39),
(161, 14, '04:51:26', 50),
(161, 15, '05:21:50', 2),
(161, 16, '05:17:28', 10),
(161, 17, '04:22:29', 41),
(161, 18, '04:20:50', 34),
(161, 19, '01:08:17', 2),
(161, 2, '03:51:35', 82),
(161, 20, '03:37:39', 63),
(161, 3, '04:29:27', 59),
(161, 4, '03:51:45', 79),
(161, 5, '05:36:28', 98),
(161, 6, '04:11:09', 77),
(161, 7, '05:26:59', 82),
(161, 8, '01:09:34', 2),
(161, 9, '05:57:42', 2),
(162, 0, '00:08:38', 40),
(162, 1, '04:56:18', 135),
(162, 10, '07:10:19', 66),
(162, 11, '04:56:25', 79),
(162, 12, '05:06:27', 45),
(162, 13, '06:15:17', 98),
(162, 14, '04:51:26', 52),
(162, 15, '05:43:18', 46),
(162, 16, '05:17:07', 5),
(162, 17, '04:22:29', 95),
(162, 18, '04:20:50', 62),
(162, 19, '01:17:06', 99),
(162, 2, '03:51:35', 83),
(162, 20, '03:37:39', 96),
(162, 3, '04:29:27', 144),
(162, 4, '03:51:45', 114),
(162, 5, '05:36:28', 144),
(162, 6, '04:11:09', 81),
(162, 7, '05:26:59', 111),
(162, 8, '01:15:49', 59),
(162, 9, '06:09:56', 35),
(163, 0, '00:08:46', 77),
(163, 1, '04:56:18', 76),
(163, 10, '06:43:03', 9),
(163, 11, '04:56:25', 41),
(163, 12, '05:06:27', 35),
(163, 13, '06:15:09', 40),
(163, 14, '04:51:26', 43),
(163, 15, '05:24:52', 11),
(163, 16, '00:00:00', 999),
(163, 2, '03:51:35', 84),
(163, 3, '04:29:27', 72),
(163, 4, '03:51:45', 64),
(163, 5, '05:36:28', 66),
(163, 6, '04:11:09', 37),
(163, 7, '05:26:59', 73),
(163, 8, '01:17:22', 95),
(163, 9, '05:59:38', 5),
(164, 0, '00:08:40', 49),
(164, 1, '04:56:18', 139),
(164, 10, '07:10:19', 68),
(164, 11, '04:56:25', 96),
(164, 12, '05:09:06', 104),
(164, 13, '05:57:50', 13),
(164, 14, '04:53:16', 147),
(164, 15, '05:56:37', 142),
(164, 16, '05:43:27', 81),
(164, 17, '04:22:29', 117),
(164, 18, '04:17:43', 12),
(164, 19, '01:16:04', 73),
(164, 2, '03:54:52', 125),
(164, 20, '03:37:39', 67),
(164, 3, '04:29:27', 78),
(164, 4, '03:51:45', 157),
(164, 5, '05:36:28', 159),
(164, 6, '04:11:09', 143),
(164, 7, '05:26:59', 165),
(164, 8, '01:15:55', 64),
(164, 9, '06:20:28', 70),
(165, 0, '00:08:38', 42),
(165, 1, '04:56:18', 116),
(165, 10, '06:50:15', 34),
(165, 11, '04:56:25', 81),
(165, 12, '05:06:27', 33),
(165, 13, '06:15:09', 51),
(165, 14, '04:51:26', 44),
(165, 15, '05:26:29', 16),
(165, 16, '05:19:20', 42),
(165, 17, '04:22:29', 48),
(165, 18, '04:20:50', 64),
(165, 19, '01:13:52', 36),
(165, 2, '04:00:48', 148),
(165, 20, '03:37:39', 131),
(165, 3, '04:29:27', 150),
(165, 4, '03:51:45', 155),
(165, 5, '05:36:28', 91),
(165, 6, '04:11:09', 139),
(165, 7, '05:26:59', 166),
(165, 8, '01:16:29', 76),
(165, 9, '06:04:17', 26),
(166, 0, '00:08:58', 134),
(166, 1, '04:56:18', 87),
(166, 10, '07:10:19', 69),
(166, 11, '04:57:15', 150),
(166, 12, '05:07:33', 88),
(166, 13, '06:15:17', 126),
(166, 14, '04:51:26', 122),
(166, 15, '05:56:37', 111),
(166, 16, '05:41:46', 70),
(166, 17, '04:22:29', 115),
(166, 18, '04:20:50', 105),
(166, 19, '01:17:30', 107),
(166, 2, '04:04:55', 167),
(166, 20, '03:37:39', 123),
(166, 3, '04:29:27', 91),
(166, 4, '03:51:45', 122),
(166, 5, '05:36:28', 147),
(166, 6, '04:11:09', 142),
(166, 7, '05:26:59', 151),
(166, 8, '01:17:43', 109),
(166, 9, '06:22:37', 72),
(167, 0, '00:08:40', 53),
(167, 1, '04:56:18', 71),
(167, 10, '07:10:19', 67),
(167, 11, '04:56:25', 77),
(167, 12, '05:07:11', 78),
(167, 13, '06:15:17', 79),
(167, 14, '04:51:26', 82),
(167, 15, '05:37:09', 36),
(167, 16, '05:19:20', 30),
(167, 17, '04:22:29', 54),
(167, 18, '04:20:50', 57),
(167, 19, '01:14:52', 51),
(167, 2, '04:04:55', 161),
(167, 20, '03:37:39', 70),
(167, 3, '04:29:27', 120),
(167, 4, '03:51:45', 108),
(167, 5, '05:36:28', 120),
(167, 6, '04:11:09', 76),
(167, 7, '05:26:59', 107),
(167, 8, '01:19:52', 150),
(167, 9, '06:15:13', 53),
(168, 0, '00:08:46', 76),
(168, 1, '04:56:18', 157),
(168, 10, '07:07:22', 60),
(168, 11, '04:57:15', 119),
(168, 12, '05:07:56', 92),
(168, 13, '05:54:52', 7),
(168, 14, '04:51:26', 88),
(168, 15, '05:43:18', 47),
(168, 16, '05:19:20', 43),
(168, 17, '04:22:29', 100),
(168, 18, '04:20:50', 101),
(168, 19, '01:16:31', 81),
(168, 2, '04:00:48', 139),
(168, 20, '03:37:39', 108),
(168, 3, '04:29:27', 152),
(168, 4, '03:51:45', 144),
(168, 5, '05:36:28', 121),
(168, 6, '04:11:09', 126),
(168, 7, '05:26:59', 143),
(168, 8, '01:16:13', 70),
(168, 9, '06:14:43', 51),
(169, 0, '00:08:31', 24),
(169, 1, '04:56:18', 167),
(169, 10, '06:56:53', 49),
(169, 11, '04:57:15', 151),
(169, 12, '05:06:41', 62),
(169, 13, '06:15:17', 127),
(169, 14, '04:51:26', 102),
(169, 15, '05:43:18', 48),
(169, 16, '05:19:20', 41),
(169, 17, '04:22:29', 108),
(169, 18, '04:17:43', 11),
(169, 19, '01:14:39', 44),
(169, 2, '04:00:48', 131),
(169, 20, '03:37:39', 97),
(169, 3, '04:29:27', 137),
(169, 4, '03:51:45', 166),
(169, 5, '05:36:28', 164),
(169, 6, '04:11:09', 158),
(169, 7, '05:26:59', 119),
(169, 8, '01:15:40', 56),
(169, 9, '06:02:15', 21),
(17, 0, '00:08:51', 100),
(17, 1, '04:56:18', 107),
(17, 10, '07:16:51', 115),
(17, 11, '04:39:10', 7),
(17, 12, '05:14:59', 137),
(17, 13, '06:16:05', 149),
(17, 14, '04:53:16', 136),
(17, 15, '05:56:37', 86),
(17, 16, '05:43:27', 76),
(17, 17, '04:22:29', 123),
(17, 18, '04:20:50', 95),
(17, 19, '01:14:48', 50),
(17, 2, '03:51:35', 80),
(17, 20, '03:37:39', 107),
(17, 3, '04:29:27', 102),
(17, 4, '03:51:45', 148),
(17, 5, '05:36:28', 141),
(17, 6, '04:11:09', 133),
(17, 7, '05:26:59', 134),
(17, 8, '01:16:01', 65),
(17, 9, '06:31:47', 108),
(171, 0, '00:08:58', 127),
(171, 1, '04:56:18', 117),
(171, 10, '06:49:13', 31),
(171, 11, '04:56:25', 100),
(171, 12, '05:06:27', 32),
(171, 13, '06:15:17', 55),
(171, 14, '04:51:26', 39),
(171, 15, '00:00:00', 999),
(171, 2, '03:45:32', 40),
(171, 3, '04:29:27', 60),
(171, 4, '03:51:45', 66),
(171, 5, '05:36:28', 40),
(171, 6, '04:11:09', 60),
(171, 7, '05:26:59', 40),
(171, 8, '01:15:04', 43),
(171, 9, '06:00:57', 15),
(172, 0, '00:09:05', 148),
(172, 1, '04:56:18', 118),
(172, 10, '07:16:51', 135),
(172, 11, '04:57:15', 143),
(172, 12, '05:14:59', 118),
(172, 13, '06:16:05', 152),
(172, 14, '04:53:16', 148),
(172, 15, '05:56:37', 128),
(172, 16, '05:43:27', 106),
(172, 17, '04:23:38', 131),
(172, 18, '04:20:50', 130),
(172, 19, '01:18:00', 119),
(172, 2, '04:00:48', 149),
(172, 20, '03:37:39', 100),
(172, 3, '04:29:27', 41),
(172, 4, '03:51:45', 69),
(172, 5, '05:36:28', 122),
(172, 6, '04:11:09', 32),
(172, 7, '05:26:59', 39),
(172, 8, '01:21:07', 169),
(172, 9, '06:37:40', 127),
(173, 0, '00:08:44', 68),
(173, 1, '04:56:18', 106),
(173, 10, '07:16:51', 129),
(173, 11, '04:57:15', 144),
(173, 12, '05:14:59', 123),
(173, 13, '06:15:46', 130),
(173, 14, '04:51:26', 124),
(173, 15, '05:56:37', 109),
(173, 16, '05:43:27', 110),
(173, 17, '04:22:29', 23),
(173, 18, '04:20:50', 129),
(173, 19, '01:16:02', 71),
(173, 2, '03:51:35', 103),
(173, 20, '03:37:39', 128),
(173, 3, '04:32:30', 174),
(173, 4, '03:51:45', 146),
(173, 5, '05:36:28', 165),
(173, 6, '04:11:09', 168),
(173, 7, '05:26:59', 158),
(173, 8, '01:17:30', 99),
(173, 9, '06:37:40', 134),
(174, 0, '00:09:24', 176),
(174, 1, '04:56:18', 14),
(174, 10, '07:19:28', 160),
(174, 11, '00:00:00', 999),
(174, 2, '04:00:48', 150),
(174, 3, '04:34:32', 177),
(174, 4, '03:51:45', 28),
(174, 5, '05:36:28', 27),
(174, 6, '04:11:09', 42),
(174, 7, '05:26:59', 131),
(174, 8, '01:22:47', 174),
(174, 9, '06:37:40', 156),
(175, 0, '00:08:56', 117),
(175, 1, '04:56:18', 130),
(175, 10, '07:16:51', 83),
(175, 11, '04:56:25', 92),
(175, 12, '05:14:59', 116),
(175, 13, '05:57:50', 14),
(175, 14, '04:51:26', 73),
(175, 15, '05:56:37', 79),
(175, 16, '05:30:12', 63),
(175, 17, '04:22:29', 84),
(175, 18, '04:20:50', 92),
(175, 19, '01:17:17', 102),
(175, 2, '04:04:55', 168),
(175, 20, '03:37:39', 60),
(175, 3, '04:31:58', 172),
(175, 4, '03:51:45', 101),
(175, 5, '05:36:28', 142),
(175, 6, '04:11:09', 124),
(175, 7, '05:26:59', 137),
(175, 8, '01:17:01', 87),
(175, 9, '06:31:47', 95),
(176, 0, '00:08:57', 120),
(176, 1, '04:56:18', 132),
(176, 10, '07:16:51', 76),
(176, 11, '04:57:15', 121),
(176, 12, '05:14:59', 115),
(176, 13, '06:15:09', 25),
(176, 14, '04:51:26', 26),
(176, 15, '05:56:37', 83),
(176, 16, '05:43:27', 100),
(176, 17, '04:22:29', 85),
(176, 18, '04:20:50', 125),
(176, 19, '01:15:16', 58),
(176, 2, '04:00:48', 133),
(176, 20, '03:37:39', 31),
(176, 3, '04:29:27', 107),
(176, 4, '03:51:45', 44),
(176, 5, '05:36:28', 80),
(176, 6, '04:11:09', 49),
(176, 7, '05:26:59', 169),
(176, 8, '01:20:48', 163),
(176, 9, '06:37:40', 132),
(177, 0, '00:09:21', 175),
(177, 1, '04:56:18', 27),
(177, 10, '07:16:51', 117),
(177, 11, '04:56:25', 87),
(177, 12, '05:14:59', 112),
(177, 13, '06:15:17', 86),
(177, 14, '04:51:26', 114),
(177, 15, '05:56:37', 110),
(177, 16, '05:43:27', 119),
(177, 17, '04:22:29', 113),
(177, 18, '04:20:50', 97),
(177, 19, '01:17:49', 116),
(177, 2, '04:04:55', 164),
(177, 20, '03:37:39', 17),
(177, 3, '04:29:27', 86),
(177, 4, '03:51:45', 67),
(177, 5, '05:36:28', 96),
(177, 6, '04:11:09', 43),
(177, 7, '05:26:59', 116),
(177, 8, '01:20:45', 161),
(177, 9, '06:37:40', 130),
(178, 0, '00:09:39', 180),
(178, 1, '04:56:18', 7),
(178, 2, '03:51:35', 104),
(178, 3, '04:29:27', 4),
(178, 4, '03:51:45', 6),
(178, 5, '05:36:28', 7),
(178, 6, '04:11:09', 9),
(178, 7, '05:26:59', 12),
(178, 8, '01:21:48', 172),
(178, 9, '00:00:00', 999),
(179, 0, '00:08:51', 101),
(179, 1, '04:56:18', 20),
(179, 10, '07:16:51', 77),
(179, 11, '04:56:21', 10),
(179, 12, '04:57:41', 11),
(179, 13, '06:15:17', 117),
(179, 14, '04:51:26', 10),
(179, 15, '05:56:37', 84),
(179, 16, '05:43:27', 75),
(179, 17, '04:22:29', 8),
(179, 18, '04:17:43', 1),
(179, 19, '01:18:16', 124),
(179, 2, '04:04:55', 174),
(179, 20, '03:37:39', 10),
(179, 3, '04:29:27', 133),
(179, 4, '03:51:45', 169),
(179, 5, '05:36:28', 28),
(179, 6, '04:11:09', 15),
(179, 7, '05:26:59', 125),
(179, 8, '01:17:21', 94),
(179, 9, '06:13:28', 49),
(18, 0, '00:09:10', 162),
(18, 1, '04:56:18', 179),
(18, 10, '07:16:51', 136),
(18, 11, '04:35:29', 2),
(18, 12, '05:14:59', 142),
(18, 13, '06:16:05', 145),
(18, 14, '04:37:59', 1),
(18, 15, '05:51:57', 70),
(18, 16, '05:43:27', 141),
(18, 17, '04:23:38', 130),
(18, 18, '04:20:50', 68),
(18, 19, '01:18:10', 122),
(18, 2, '03:51:35', 115),
(18, 20, '03:37:39', 18),
(18, 3, '04:29:27', 32),
(18, 4, '03:51:45', 141),
(18, 5, '05:36:28', 58),
(18, 6, '04:11:09', 160),
(18, 7, '05:26:59', 172),
(18, 8, '01:19:58', 153),
(18, 9, '06:12:09', 46),
(181, 0, '00:08:02', 1),
(181, 1, '04:56:18', 42),
(181, 10, '06:42:56', 5),
(181, 11, '04:56:25', 31),
(181, 12, '05:06:25', 19),
(181, 13, '06:15:09', 36),
(181, 14, '04:51:26', 60),
(181, 15, '05:21:59', 4),
(181, 16, '05:17:28', 11),
(181, 17, '04:22:29', 51),
(181, 18, '04:20:50', 31),
(181, 19, '01:08:17', 1),
(181, 2, '03:45:32', 28),
(181, 20, '03:37:39', 86),
(181, 3, '04:29:27', 24),
(181, 4, '03:51:45', 70),
(181, 5, '05:36:28', 70),
(181, 6, '04:11:09', 116),
(181, 7, '05:26:59', 66),
(181, 8, '01:08:36', 1),
(181, 9, '05:57:11', 1),
(182, 0, '00:08:39', 46),
(182, 1, '04:56:18', 164),
(182, 10, '07:10:19', 71),
(182, 11, '04:57:15', 125),
(182, 12, '05:08:44', 101),
(182, 13, '06:15:17', 68),
(182, 14, '04:51:26', 78),
(182, 15, '05:44:57', 51),
(182, 16, '05:30:12', 66),
(182, 17, '04:22:29', 43),
(182, 18, '04:20:50', 116),
(182, 19, '01:16:55', 93),
(182, 2, '03:46:38', 72),
(182, 20, '03:37:39', 137),
(182, 3, '04:29:27', 117),
(182, 4, '03:51:45', 48),
(182, 5, '05:36:28', 148),
(182, 6, '04:11:09', 152),
(182, 7, '05:26:59', 62),
(182, 8, '01:16:18', 73),
(182, 9, '06:31:47', 107),
(183, 0, '00:08:53', 106),
(183, 1, '04:56:18', 109),
(183, 10, '07:16:51', 101),
(183, 11, '04:57:15', 145),
(183, 12, '05:25:04', 151),
(183, 13, '06:16:05', 146),
(183, 14, '04:53:16', 149),
(183, 15, '05:56:37', 80),
(183, 16, '05:43:27', 108),
(183, 17, '04:22:29', 110),
(183, 18, '04:20:50', 90),
(183, 19, '01:15:35', 63),
(183, 2, '04:04:55', 160),
(183, 20, '03:37:39', 114),
(183, 3, '04:29:27', 160),
(183, 4, '03:51:45', 163),
(183, 5, '05:37:27', 174),
(183, 6, '04:11:09', 135),
(183, 7, '05:26:59', 171),
(183, 8, '01:16:48', 81),
(183, 9, '06:37:40', 138),
(184, 0, '00:08:29', 18),
(184, 1, '04:56:18', 110),
(184, 10, '06:45:16', 18),
(184, 11, '04:56:25', 40),
(184, 12, '05:06:27', 55),
(184, 13, '06:15:09', 46),
(184, 14, '04:51:26', 61),
(184, 15, '05:26:15', 14),
(184, 16, '05:19:20', 37),
(184, 17, '04:22:29', 60),
(184, 18, '04:20:50', 41),
(184, 19, '01:09:52', 3),
(184, 2, '03:51:35', 98),
(184, 20, '03:37:39', 88),
(184, 3, '04:29:27', 82),
(184, 4, '03:51:45', 77),
(184, 5, '05:36:28', 71),
(184, 6, '04:11:09', 114),
(184, 7, '05:26:59', 64),
(184, 8, '01:12:07', 5),
(184, 9, '06:03:42', 25),
(185, 0, '00:08:28', 15),
(185, 1, '04:56:18', 8),
(185, 10, '07:07:22', 63),
(185, 11, '04:56:25', 25),
(185, 12, '05:08:44', 103),
(185, 13, '06:15:46', 135),
(185, 14, '04:51:26', 91),
(185, 15, '05:56:37', 74),
(185, 16, '05:43:27', 112),
(185, 17, '04:22:29', 4),
(185, 18, '04:20:50', 44),
(185, 19, '01:15:24', 59),
(185, 2, '03:45:32', 6),
(185, 20, '03:37:39', 23),
(185, 3, '04:29:27', 5),
(185, 4, '03:51:45', 9),
(185, 5, '05:36:28', 15),
(185, 6, '04:11:09', 6),
(185, 7, '05:26:59', 9),
(185, 8, '01:15:03', 42),
(185, 9, '06:31:47', 87),
(186, 0, '00:08:49', 85),
(186, 1, '04:56:18', 103),
(186, 10, '07:04:46', 57),
(186, 11, '04:56:25', 71),
(186, 12, '05:08:44', 102),
(186, 13, '06:15:17', 75),
(186, 14, '04:51:26', 92),
(186, 15, '05:41:25', 43),
(186, 16, '05:19:20', 45),
(186, 17, '04:22:29', 69),
(186, 18, '04:20:50', 30),
(186, 19, '01:13:09', 27),
(186, 2, '03:45:32', 54),
(186, 20, '03:37:39', 90),
(186, 3, '04:29:27', 112),
(186, 4, '03:51:45', 110),
(186, 5, '05:36:28', 86),
(186, 6, '04:11:09', 125),
(186, 7, '05:26:59', 75),
(186, 8, '01:13:55', 22),
(186, 9, '06:06:26', 28),
(187, 0, '00:08:47', 81),
(187, 1, '04:56:18', 174),
(187, 10, '07:16:51', 143),
(187, 11, '04:56:25', 72),
(187, 12, '05:14:59', 124),
(187, 13, '00:00:00', 999),
(187, 2, '03:51:35', 101),
(187, 3, '04:29:27', 149),
(187, 4, '03:51:45', 125),
(187, 5, '05:36:28', 150),
(187, 6, '04:11:09', 162),
(187, 7, '05:26:59', 147),
(187, 8, '01:19:35', 145),
(187, 9, '06:37:40', 142),
(188, 0, '00:08:27', 14),
(188, 1, '04:56:18', 48),
(188, 10, '07:16:51', 155),
(188, 11, '04:56:50', 103),
(188, 12, '05:13:35', 106),
(188, 13, '06:15:40', 129),
(188, 14, '04:53:16', 150),
(188, 15, '05:56:37', 103),
(188, 16, '05:30:12', 65),
(188, 17, '04:22:29', 59),
(188, 18, '04:20:50', 84),
(188, 19, '01:11:58', 16),
(188, 2, '03:45:32', 67),
(188, 20, '03:37:39', 89),
(188, 3, '04:29:27', 57),
(188, 4, '03:51:45', 59),
(188, 5, '05:36:28', 42),
(188, 6, '04:11:09', 55),
(188, 7, '05:26:59', 47),
(188, 8, '01:16:26', 75),
(188, 9, '06:37:40', 146),
(189, 0, '00:08:29', 19),
(189, 1, '04:56:18', 162),
(19, 0, '00:09:06', 150),
(19, 1, '04:56:18', 64),
(19, 10, '07:18:59', 158),
(19, 11, '04:57:15', 117),
(19, 12, '05:06:27', 24),
(19, 13, '06:15:09', 52),
(19, 14, '04:51:26', 46),
(19, 15, '05:56:37', 91),
(19, 16, '05:43:27', 80),
(19, 17, '04:22:29', 62),
(19, 18, '04:20:50', 122),
(19, 19, '01:19:07', 136),
(19, 2, '04:04:55', 170),
(19, 20, '03:37:39', 111),
(19, 3, '04:32:39', 175),
(19, 4, '03:51:45', 58),
(19, 5, '05:36:28', 78),
(19, 6, '04:11:09', 72),
(19, 7, '05:26:59', 164),
(19, 8, '01:20:53', 165),
(19, 9, '06:37:40', 120),
(191, 0, '00:09:17', 168),
(191, 1, '04:56:18', 108),
(191, 10, '07:16:51', 138),
(191, 11, '04:56:25', 93),
(191, 12, '05:14:59', 133),
(191, 13, '06:15:17', 111),
(191, 14, '04:51:26', 13),
(191, 15, '05:56:37', 129),
(191, 16, '05:43:27', 136),
(191, 17, '04:22:29', 19),
(191, 18, '04:20:50', 20),
(191, 19, '01:14:01', 37),
(191, 2, '03:45:32', 62),
(191, 20, '03:37:39', 20),
(191, 3, '04:29:27', 38),
(191, 4, '03:51:45', 25),
(191, 5, '05:36:28', 72),
(191, 6, '04:11:09', 28),
(191, 7, '05:26:59', 28),
(191, 8, '01:17:18', 91),
(191, 9, '06:37:40', 161),
(192, 0, '00:08:50', 93),
(192, 1, '04:56:18', 78),
(192, 10, '06:46:34', 21),
(192, 11, '04:56:25', 27),
(192, 12, '05:06:27', 57),
(192, 13, '06:15:09', 41),
(192, 14, '04:51:26', 29),
(192, 15, '05:56:37', 96),
(192, 16, '05:43:27', 78),
(192, 17, '04:22:29', 45),
(192, 18, '04:17:43', 10),
(192, 19, '01:14:22', 42),
(192, 2, '03:45:32', 29),
(192, 20, '03:37:39', 48),
(192, 3, '04:29:27', 108),
(192, 4, '03:51:45', 63),
(192, 5, '05:36:28', 60),
(192, 6, '04:11:09', 69),
(192, 7, '05:26:59', 79),
(192, 8, '01:14:58', 41),
(192, 9, '06:10:10', 40),
(193, 0, '00:08:57', 123),
(193, 1, '04:56:18', 12),
(193, 10, '07:16:51', 133),
(193, 11, '04:56:21', 11),
(193, 12, '05:14:59', 144),
(193, 13, '06:15:09', 17),
(193, 14, '04:51:26', 9),
(193, 15, '05:56:37', 100),
(193, 16, '05:43:27', 95),
(193, 17, '04:22:29', 9),
(193, 18, '04:20:50', 18),
(193, 19, '01:19:28', 138),
(193, 2, '03:45:32', 11),
(193, 20, '03:37:39', 19),
(193, 3, '04:29:27', 12),
(193, 4, '03:51:45', 7),
(193, 5, '05:36:28', 8),
(193, 6, '04:11:09', 11),
(193, 7, '05:26:59', 7),
(193, 8, '01:18:16', 122),
(193, 9, '06:37:40', 159),
(194, 0, '00:09:07', 157),
(194, 1, '04:56:18', 11),
(194, 10, '07:16:51', 96),
(194, 11, '04:56:25', 69),
(194, 12, '05:07:11', 83),
(194, 13, '06:15:09', 32),
(194, 14, '04:51:26', 34),
(194, 15, '05:56:37', 90),
(194, 16, '05:43:27', 102),
(194, 17, '04:22:29', 76),
(194, 18, '04:20:50', 17),
(194, 19, '01:18:21', 125),
(194, 2, '04:04:55', 163),
(194, 20, '03:37:39', 5),
(194, 3, '04:29:27', 140),
(194, 4, '03:51:45', 16),
(194, 5, '05:36:28', 29),
(194, 6, '04:11:09', 19),
(194, 7, '05:26:59', 20),
(194, 8, '01:19:50', 149),
(194, 9, '06:31:47', 113),
(195, 0, '00:08:57', 124),
(195, 1, '04:56:18', 165),
(195, 10, '07:16:51', 103),
(195, 11, '04:56:25', 30),
(195, 12, '04:57:59', 13),
(195, 13, '06:15:17', 92),
(195, 14, '04:51:26', 121),
(195, 15, '05:56:37', 127),
(195, 16, '05:43:27', 107),
(195, 17, '04:22:29', 22),
(195, 18, '04:20:50', 124),
(195, 19, '01:16:00', 69),
(195, 2, '03:51:35', 110),
(195, 20, '03:37:39', 66),
(195, 3, '04:29:27', 129),
(195, 4, '03:51:45', 54),
(195, 5, '05:36:28', 143),
(195, 6, '04:11:09', 154),
(195, 7, '05:26:59', 37),
(195, 8, '01:19:27', 142),
(195, 9, '06:37:40', 144),
(196, 0, '00:09:10', 163),
(196, 1, '04:56:18', 148),
(196, 10, '06:58:15', 51),
(196, 11, '04:57:15', 105),
(196, 12, '05:06:27', 51),
(196, 13, '05:54:57', 9),
(196, 14, '04:51:26', 106),
(196, 15, '05:51:26', 63),
(196, 16, '05:19:20', 23),
(196, 17, '04:22:29', 87),
(196, 18, '04:20:50', 117),
(196, 19, '01:18:44', 130),
(196, 2, '04:00:48', 126),
(196, 20, '03:37:39', 62),
(196, 3, '04:29:27', 98),
(196, 4, '03:51:45', 115),
(196, 5, '05:36:28', 114),
(196, 6, '04:11:09', 105),
(196, 7, '05:26:59', 145),
(196, 8, '01:19:44', 147),
(196, 9, '06:24:23', 74),
(197, 0, '00:09:09', 161),
(197, 1, '04:56:18', 177),
(197, 10, '07:16:51', 146),
(197, 11, '04:57:15', 152),
(197, 12, '05:06:48', 66),
(197, 13, '06:15:46', 131),
(197, 14, '04:51:26', 115),
(197, 15, '05:56:37', 112),
(197, 16, '05:30:12', 59),
(197, 17, '04:22:29', 111),
(197, 18, '04:20:50', 118),
(197, 19, '01:18:34', 127),
(197, 2, '04:00:48', 129),
(197, 20, '03:37:39', 133),
(197, 3, '04:29:27', 154),
(197, 4, '03:51:45', 161),
(197, 5, '05:36:28', 162),
(197, 6, '04:11:09', 169),
(197, 7, '05:26:59', 173),
(197, 8, '01:18:32', 127),
(197, 9, '06:24:23', 80),
(198, 0, '00:08:50', 98),
(198, 1, '04:56:18', 74),
(198, 10, '07:16:51', 121),
(198, 11, '04:56:21', 19),
(198, 12, '05:06:27', 54),
(198, 13, '06:15:17', 84),
(198, 14, '04:51:26', 18),
(198, 15, '05:51:26', 65),
(198, 16, '05:43:27', 72),
(198, 17, '04:22:29', 21),
(198, 18, '04:20:50', 25),
(198, 19, '01:18:23', 126),
(198, 2, '03:51:35', 120),
(198, 20, '03:37:39', 53),
(198, 3, '04:29:27', 76),
(198, 4, '03:51:45', 23),
(198, 5, '05:36:28', 68),
(198, 6, '04:11:09', 22),
(198, 7, '05:26:59', 78),
(198, 8, '01:17:02', 88),
(198, 9, '06:31:47', 103),
(199, 0, '00:09:02', 139),
(199, 1, '04:56:18', 13),
(199, 10, '07:17:39', 157),
(199, 11, '04:57:15', 156),
(199, 12, '05:30:59', 154),
(199, 13, '06:19:31', 154),
(199, 14, '04:53:16', 151),
(199, 15, '00:00:00', 999),
(199, 2, '04:04:55', 171),
(199, 3, '04:30:07', 164),
(199, 4, '03:51:45', 10),
(199, 5, '05:36:28', 45),
(199, 6, '04:11:09', 17),
(199, 7, '05:26:59', 95),
(199, 8, '01:19:48', 148),
(199, 9, '06:54:10', 167),
(2, 0, '00:09:02', 141),
(2, 1, '04:56:18', 152),
(2, 10, '06:46:31', 20),
(2, 11, '04:57:15', 112),
(2, 12, '04:54:30', 4),
(2, 13, '06:15:46', 136),
(2, 14, '04:51:26', 83),
(2, 15, '05:41:25', 42),
(2, 16, '05:19:20', 29),
(2, 17, '04:22:29', 99),
(2, 18, '04:20:50', 96),
(2, 19, '01:18:02', 121),
(2, 2, '04:00:48', 134),
(2, 20, '03:37:39', 46),
(2, 3, '04:29:27', 155),
(2, 4, '03:51:45', 147),
(2, 5, '05:36:28', 140),
(2, 6, '04:11:09', 97),
(2, 7, '05:26:59', 128),
(2, 8, '01:19:36', 146),
(2, 9, '06:17:17', 64),
(21, 0, '00:08:46', 73),
(21, 1, '04:56:18', 3),
(21, 10, '07:16:51', 73),
(21, 11, '04:56:21', 8),
(21, 12, '05:06:25', 15),
(21, 13, '06:15:09', 16),
(21, 14, '04:51:26', 7),
(21, 15, '05:56:37', 71),
(21, 16, '05:43:27', 79),
(21, 17, '04:22:29', 3),
(21, 18, '04:20:50', 15),
(21, 19, '01:17:35', 109),
(21, 2, '03:45:32', 4),
(21, 20, '03:37:39', 2),
(21, 3, '04:29:27', 2),
(21, 4, '03:51:45', 2),
(21, 5, '05:36:28', 5),
(21, 6, '04:11:09', 2),
(21, 7, '05:26:59', 27),
(21, 8, '01:17:07', 90),
(21, 9, '06:31:47', 85),
(22, 0, '00:08:40', 50),
(22, 1, '04:56:18', 77),
(22, 10, '06:48:47', 29),
(22, 11, '04:56:25', 35),
(22, 12, '05:07:11', 81),
(22, 13, '06:15:17', 118),
(22, 14, '04:51:26', 90),
(22, 15, '05:43:46', 50),
(22, 16, '05:19:20', 35),
(22, 17, '04:22:29', 116),
(22, 18, '04:20:50', 87),
(22, 19, '01:14:42', 48),
(22, 2, '03:45:32', 64),
(22, 20, '03:37:39', 109),
(22, 3, '04:29:27', 50),
(22, 4, '03:51:45', 95),
(22, 5, '05:36:28', 84),
(22, 6, '04:11:09', 73),
(22, 7, '05:26:59', 101),
(22, 8, '01:15:04', 44),
(22, 9, '06:24:23', 76),
(23, 0, '00:08:50', 96),
(23, 1, '04:56:18', 102),
(23, 10, '06:50:47', 36),
(23, 11, '04:57:15', 133),
(23, 12, '04:54:23', 3),
(23, 13, '06:15:17', 119),
(23, 14, '04:51:26', 28),
(23, 15, '05:25:56', 12),
(23, 16, '05:17:07', 3),
(23, 17, '04:22:29', 65),
(23, 18, '04:20:50', 26),
(23, 19, '01:13:50', 35),
(23, 2, '03:45:32', 44),
(23, 20, '03:37:39', 91),
(23, 3, '04:29:27', 87),
(23, 4, '03:51:45', 78),
(23, 5, '05:36:28', 62),
(23, 6, '04:11:09', 129),
(23, 7, '05:26:59', 69),
(23, 8, '01:17:23', 96),
(23, 9, '06:15:13', 58),
(24, 0, '00:08:47', 80),
(24, 1, '04:56:18', 141),
(24, 10, '06:42:31', 1),
(24, 11, '04:56:25', 61),
(24, 12, '05:06:27', 42),
(24, 13, '06:15:17', 60),
(24, 14, '04:51:26', 35),
(24, 15, '05:41:52', 44),
(24, 16, '05:19:20', 48),
(24, 17, '04:22:29', 58),
(24, 18, '04:20:50', 104),
(24, 19, '01:14:52', 52),
(24, 2, '03:45:32', 57),
(24, 20, '03:37:39', 129),
(24, 3, '04:29:27', 42),
(24, 4, '03:51:45', 94),
(24, 5, '05:36:28', 83),
(24, 6, '04:11:09', 137),
(24, 7, '05:26:59', 89),
(24, 8, '01:15:40', 54),
(24, 9, '06:00:44', 12),
(25, 0, '00:09:06', 152),
(25, 1, '04:56:18', 53),
(25, 10, '07:16:51', 87),
(25, 11, '04:56:25', 102),
(25, 12, '05:14:59', 127),
(25, 13, '06:15:17', 125),
(25, 14, '04:52:00', 134),
(25, 15, '05:56:37', 98),
(25, 16, '05:43:27', 84),
(25, 17, '04:22:29', 103),
(25, 18, '04:21:17', 137),
(25, 19, '01:16:54', 91),
(25, 2, '03:45:32', 55),
(25, 20, '03:37:39', 136),
(25, 3, '04:30:29', 165),
(25, 4, '03:51:45', 124),
(25, 5, '05:37:11', 172),
(25, 6, '04:11:09', 155),
(25, 7, '05:26:59', 83),
(25, 8, '01:17:29', 98),
(25, 9, '06:31:47', 92),
(26, 0, '00:08:50', 94),
(26, 1, '04:56:18', 161),
(26, 10, '06:54:58', 46),
(26, 11, '04:57:15', 139),
(26, 12, '05:06:48', 65),
(26, 13, '06:15:17', 116),
(26, 14, '04:51:26', 117),
(26, 15, '05:56:37', 78),
(26, 16, '05:43:27', 127),
(26, 17, '04:22:29', 129),
(26, 18, '04:17:43', 8),
(26, 19, '01:15:53', 67),
(26, 2, '04:04:55', 175),
(26, 20, '03:37:39', 139),
(26, 3, '04:29:27', 157),
(26, 4, '03:51:45', 149);
INSERT INTO `temps` (`NumCoureur`, `NumEtape`, `TpsRealise`, `Classement`) VALUES
(26, 5, '05:36:28', 139),
(26, 6, '04:11:09', 171),
(26, 7, '05:26:59', 132),
(26, 8, '01:18:13', 121),
(26, 9, '06:24:23', 81),
(27, 0, '00:09:09', 160),
(27, 1, '04:56:18', 113),
(27, 10, '07:16:51', 126),
(27, 11, '04:57:15', 123),
(27, 12, '05:14:59', 125),
(27, 13, '06:15:17', 120),
(27, 14, '04:51:26', 69),
(27, 15, '05:56:37', 121),
(27, 16, '05:43:27', 88),
(27, 17, '04:22:29', 114),
(27, 18, '04:20:50', 75),
(27, 19, '01:16:56', 94),
(27, 2, '04:04:55', 156),
(27, 20, '03:37:39', 140),
(27, 3, '04:29:27', 93),
(27, 4, '03:51:45', 111),
(27, 5, '05:36:28', 97),
(27, 6, '04:11:09', 149),
(27, 7, '05:26:59', 153),
(27, 8, '01:19:54', 152),
(27, 9, '06:37:40', 141),
(28, 0, '00:08:48', 82),
(28, 1, '04:56:18', 129),
(28, 10, '06:46:18', 19),
(28, 11, '04:56:25', 74),
(28, 12, '05:06:27', 47),
(28, 13, '05:55:04', 12),
(28, 14, '04:51:26', 66),
(28, 15, '05:31:05', 25),
(28, 16, '05:19:20', 39),
(28, 17, '04:22:29', 64),
(28, 18, '04:20:50', 73),
(28, 19, '01:13:29', 31),
(28, 2, '04:00:48', 155),
(28, 20, '03:37:39', 93),
(28, 3, '04:29:27', 46),
(28, 4, '03:51:45', 83),
(28, 5, '05:36:28', 90),
(28, 6, '04:11:09', 98),
(28, 7, '05:26:59', 57),
(28, 8, '01:16:54', 83),
(28, 9, '06:10:10', 36),
(29, 0, '00:08:26', 13),
(29, 1, '04:56:18', 85),
(29, 10, '07:16:51', 81),
(29, 11, '04:56:25', 32),
(29, 12, '05:14:59', 126),
(29, 13, '06:15:09', 29),
(29, 14, '04:38:50', 4),
(29, 15, '05:56:37', 88),
(29, 16, '05:43:27', 73),
(29, 17, '04:22:29', 24),
(29, 18, '04:20:50', 123),
(29, 19, '01:13:39', 33),
(29, 2, '03:45:50', 71),
(29, 20, '03:37:39', 9),
(29, 3, '04:29:27', 48),
(29, 4, '03:51:45', 73),
(29, 5, '05:36:28', 49),
(29, 6, '04:11:09', 47),
(29, 7, '05:26:59', 55),
(29, 8, '01:14:02', 23),
(29, 9, '06:24:23', 77),
(3, 0, '00:08:55', 114),
(3, 1, '04:56:18', 158),
(3, 10, '07:16:51', 148),
(3, 11, '04:57:15', 154),
(3, 12, '04:59:25', 14),
(3, 13, '06:15:17', 54),
(3, 14, '04:53:16', 139),
(3, 15, '05:56:37', 132),
(3, 16, '05:43:27', 135),
(3, 17, '04:23:38', 132),
(3, 18, '04:20:50', 113),
(3, 19, '01:17:22', 105),
(3, 2, '03:50:15', 73),
(3, 20, '03:37:39', 130),
(3, 3, '04:29:27', 114),
(3, 4, '03:51:45', 142),
(3, 5, '05:36:28', 115),
(3, 6, '04:11:09', 34),
(3, 7, '05:26:59', 144),
(3, 8, '01:16:59', 86),
(3, 9, '06:36:29', 117),
(31, 0, '00:08:30', 20),
(31, 1, '04:56:18', 125),
(31, 10, '06:42:52', 2),
(31, 11, '04:56:25', 46),
(31, 12, '05:06:25', 22),
(31, 13, '06:15:09', 28),
(31, 14, '04:51:26', 49),
(31, 15, '05:31:05', 23),
(31, 16, '05:17:28', 8),
(31, 17, '00:00:00', 999),
(31, 2, '03:45:32', 53),
(31, 3, '04:29:27', 69),
(31, 4, '03:51:45', 90),
(31, 5, '05:36:28', 103),
(31, 6, '04:11:09', 87),
(31, 7, '05:26:59', 80),
(31, 8, '01:13:18', 17),
(31, 9, '06:02:15', 23),
(32, 0, '00:09:00', 137),
(32, 1, '04:56:18', 124),
(32, 10, '07:16:51', 134),
(32, 11, '04:56:25', 45),
(32, 12, '05:08:25', 98),
(32, 13, '06:15:17', 93),
(32, 14, '04:51:26', 128),
(32, 15, '05:56:37', 141),
(32, 16, '05:43:27', 133),
(32, 17, '04:22:29', 97),
(32, 18, '04:20:50', 115),
(32, 19, '01:16:42', 84),
(32, 2, '03:45:32', 66),
(32, 20, '03:37:39', 74),
(32, 3, '04:29:27', 79),
(32, 4, '03:51:45', 103),
(32, 5, '05:36:28', 126),
(32, 6, '04:11:09', 93),
(32, 7, '05:26:59', 115),
(32, 8, '01:17:57', 113),
(32, 9, '06:37:40', 151),
(33, 0, '00:08:49', 89),
(33, 1, '04:56:18', 120),
(33, 10, '06:50:47', 35),
(33, 11, '04:56:25', 51),
(33, 12, '05:06:27', 49),
(33, 13, '06:15:17', 90),
(33, 14, '04:37:59', 2),
(33, 15, '05:38:04', 37),
(33, 16, '05:19:20', 46),
(33, 17, '04:22:29', 90),
(33, 18, '04:20:50', 82),
(33, 19, '01:15:01', 55),
(33, 2, '03:45:32', 52),
(33, 20, '03:37:39', 122),
(33, 3, '04:29:27', 81),
(33, 4, '03:51:45', 97),
(33, 5, '05:36:28', 118),
(33, 6, '04:11:09', 100),
(33, 7, '05:26:59', 97),
(33, 8, '01:15:53', 61),
(33, 9, '06:10:10', 39),
(34, 0, '00:08:51', 102),
(34, 1, '04:56:18', 127),
(34, 10, '07:16:51', 114),
(34, 11, '04:56:25', 47),
(34, 12, '05:06:27', 39),
(34, 13, '06:15:17', 102),
(34, 14, '04:51:26', 68),
(34, 15, '05:46:06', 53),
(34, 16, '05:19:20', 52),
(34, 17, '04:22:29', 83),
(34, 18, '04:20:50', 110),
(34, 19, '01:16:51', 90),
(34, 2, '03:45:32', 58),
(34, 20, '03:37:39', 65),
(34, 3, '04:29:27', 67),
(34, 4, '03:51:45', 92),
(34, 5, '05:36:28', 101),
(34, 6, '04:11:09', 88),
(34, 7, '05:26:59', 81),
(34, 8, '01:16:12', 69),
(34, 9, '06:09:56', 34),
(35, 0, '00:09:08', 159),
(35, 1, '04:56:18', 123),
(35, 10, '06:48:03', 25),
(35, 11, '04:56:25', 33),
(35, 12, '05:06:27', 38),
(35, 13, '05:54:52', 4),
(35, 14, '04:51:26', 48),
(35, 15, '05:31:38', 26),
(35, 16, '05:19:20', 16),
(35, 17, '04:22:29', 73),
(35, 18, '04:20:50', 42),
(35, 19, '01:16:28', 80),
(35, 2, '03:51:35', 89),
(35, 20, '03:37:39', 84),
(35, 3, '04:29:27', 83),
(35, 4, '03:51:45', 98),
(35, 5, '05:36:28', 102),
(35, 6, '04:11:09', 86),
(35, 7, '05:26:59', 86),
(35, 8, '01:18:02', 115),
(35, 9, '06:09:56', 33),
(36, 0, '00:08:57', 125),
(36, 1, '04:56:18', 96),
(36, 10, '07:16:51', 124),
(36, 11, '04:57:15', 111),
(36, 12, '05:14:59', 113),
(36, 13, '06:15:17', 80),
(36, 14, '04:51:26', 123),
(36, 15, '05:56:37', 137),
(36, 16, '05:43:27', 128),
(36, 17, '04:23:38', 134),
(36, 18, '04:20:50', 133),
(36, 19, '01:16:49', 89),
(36, 2, '04:00:48', 145),
(36, 20, '03:37:39', 141),
(36, 3, '04:29:27', 65),
(36, 4, '03:51:45', 109),
(36, 5, '05:37:11', 169),
(36, 6, '04:11:09', 91),
(36, 7, '05:26:59', 114),
(36, 8, '01:20:25', 158),
(36, 9, '06:37:40', 122),
(37, 0, '00:08:43', 65),
(37, 1, '04:56:18', 49),
(37, 10, '00:00:00', 999),
(37, 2, '03:45:32', 23),
(37, 3, '04:29:27', 20),
(37, 4, '03:51:45', 60),
(37, 5, '05:36:28', 37),
(37, 6, '04:11:09', 61),
(37, 7, '05:26:59', 44),
(37, 8, '01:14:47', 38),
(37, 9, '06:15:13', 54),
(38, 0, '00:08:40', 51),
(38, 1, '04:56:18', 119),
(38, 10, '06:45:13', 17),
(38, 11, '04:56:25', 59),
(38, 12, '05:06:27', 28),
(38, 13, '06:15:09', 30),
(38, 14, '04:51:26', 41),
(38, 15, '05:22:34', 7),
(38, 16, '05:19:20', 20),
(38, 17, '04:22:29', 25),
(38, 18, '04:20:50', 27),
(38, 19, '01:12:00', 17),
(38, 2, '03:45:32', 31),
(38, 20, '03:37:39', 58),
(38, 3, '04:29:27', 44),
(38, 4, '03:51:45', 89),
(38, 5, '05:36:28', 123),
(38, 6, '04:11:09', 75),
(38, 7, '05:26:59', 43),
(38, 8, '01:12:48', 12),
(38, 9, '06:00:44', 11),
(39, 0, '00:08:51', 99),
(39, 1, '04:56:18', 2),
(39, 10, '07:16:51', 79),
(39, 11, '04:56:25', 52),
(39, 12, '05:14:59', 134),
(39, 13, '06:15:17', 77),
(39, 14, '04:51:26', 85),
(39, 15, '05:56:37', 135),
(39, 16, '05:43:27', 122),
(39, 17, '04:22:29', 1),
(39, 18, '04:20:50', 69),
(39, 19, '01:14:58', 54),
(39, 2, '03:45:32', 1),
(39, 20, '03:37:39', 8),
(39, 3, '04:29:27', 1),
(39, 4, '03:51:45', 4),
(39, 5, '05:36:28', 2),
(39, 6, '04:11:09', 172),
(39, 7, '05:26:59', 29),
(39, 8, '01:14:37', 33),
(39, 9, '06:37:40', 119),
(4, 0, '00:09:10', 164),
(4, 1, '04:56:18', 104),
(4, 10, '07:02:07', 55),
(4, 11, '04:56:25', 66),
(4, 12, '05:06:39', 59),
(4, 13, '06:03:25', 15),
(4, 14, '04:51:26', 24),
(4, 15, '05:51:26', 60),
(4, 16, '05:19:20', 31),
(4, 17, '04:22:29', 38),
(4, 18, '04:20:50', 107),
(4, 19, '01:18:34', 128),
(4, 2, '04:04:55', 165),
(4, 20, '03:37:39', 57),
(4, 3, '04:29:27', 128),
(4, 4, '03:51:45', 96),
(4, 5, '05:36:28', 99),
(4, 6, '04:11:09', 104),
(4, 7, '05:26:59', 106),
(4, 8, '01:18:51', 134),
(4, 9, '06:31:47', 97),
(41, 0, '00:09:04', 146),
(41, 1, '04:56:18', 40),
(41, 10, '06:54:58', 45),
(41, 11, '04:56:25', 60),
(41, 12, '05:06:27', 40),
(41, 13, '06:15:17', 53),
(41, 14, '04:51:26', 74),
(41, 15, '05:56:37', 82),
(41, 16, '05:30:12', 60),
(41, 17, '04:22:29', 56),
(41, 18, '04:20:50', 70),
(41, 19, '01:16:20', 78),
(41, 2, '03:51:35', 88),
(41, 20, '03:37:39', 38),
(41, 3, '04:29:27', 40),
(41, 4, '03:51:45', 56),
(41, 5, '05:36:28', 57),
(41, 6, '04:11:09', 46),
(41, 7, '05:26:59', 41),
(41, 8, '01:17:32', 103),
(41, 9, '06:15:13', 60),
(42, 0, '00:08:31', 25),
(42, 1, '04:56:18', 38),
(42, 10, '07:16:51', 150),
(42, 11, '04:57:15', 130),
(42, 12, '05:14:59', 110),
(42, 13, '06:15:46', 140),
(42, 14, '04:53:16', 146),
(42, 15, '05:56:37', 73),
(42, 16, '05:43:27', 139),
(42, 17, '04:22:29', 32),
(42, 18, '04:20:50', 67),
(42, 19, '01:12:09', 19),
(42, 2, '03:45:32', 17),
(42, 20, '03:37:39', 44),
(42, 3, '04:29:27', 147),
(42, 4, '03:51:45', 65),
(42, 5, '05:36:28', 64),
(42, 6, '04:11:09', 44),
(42, 7, '05:26:59', 45),
(42, 8, '01:14:16', 28),
(42, 9, '06:38:38', 163),
(43, 0, '00:08:56', 118),
(43, 1, '04:56:18', 101),
(43, 10, '07:16:51', 97),
(43, 11, '04:57:15', 146),
(43, 12, '05:14:59', 108),
(43, 13, '06:15:46', 137),
(43, 14, '04:53:16', 140),
(43, 15, '05:56:37', 99),
(43, 16, '05:30:12', 58),
(43, 17, '04:23:38', 135),
(43, 18, '04:20:50', 120),
(43, 19, '01:17:48', 115),
(43, 2, '03:45:32', 46),
(43, 20, '03:37:39', 112),
(43, 3, '04:29:27', 49),
(43, 4, '03:51:45', 123),
(43, 5, '05:36:28', 61),
(43, 6, '04:11:09', 79),
(43, 7, '05:26:59', 104),
(43, 8, '01:18:38', 129),
(43, 9, '06:21:16', 71),
(44, 0, '00:08:34', 27),
(44, 1, '04:56:18', 59),
(44, 10, '07:16:51', 149),
(44, 11, '04:57:15', 149),
(44, 12, '05:14:59', 138),
(44, 13, '06:15:46', 143),
(44, 14, '04:53:16', 141),
(44, 15, '05:56:37', 139),
(44, 16, '05:43:27', 132),
(44, 17, '04:22:29', 127),
(44, 18, '04:20:50', 132),
(44, 19, '01:17:54', 117),
(44, 2, '03:45:32', 30),
(44, 20, '03:37:39', 135),
(44, 3, '04:29:27', 142),
(44, 4, '03:51:45', 151),
(44, 5, '05:36:28', 107),
(44, 6, '04:11:09', 157),
(44, 7, '05:26:59', 136),
(44, 8, '01:14:24', 29),
(44, 9, '06:26:01', 84),
(45, 0, '00:09:05', 149),
(45, 1, '04:56:18', 61),
(45, 10, '07:16:51', 113),
(45, 11, '04:56:25', 57),
(45, 12, '04:55:22', 8),
(45, 13, '06:15:17', 115),
(45, 14, '04:51:26', 99),
(45, 15, '05:51:26', 67),
(45, 16, '05:30:12', 61),
(45, 17, '04:22:29', 27),
(45, 18, '04:20:50', 60),
(45, 19, '01:18:01', 120),
(45, 2, '03:51:35', 85),
(45, 20, '03:37:39', 99),
(45, 3, '04:29:27', 99),
(45, 4, '03:51:45', 53),
(45, 5, '05:36:28', 54),
(45, 6, '04:11:09', 53),
(45, 7, '05:26:59', 38),
(45, 8, '01:19:53', 151),
(45, 9, '06:31:47', 105),
(46, 0, '00:08:55', 115),
(46, 1, '04:56:18', 19),
(46, 10, '07:16:51', 74),
(46, 11, '04:56:21', 9),
(46, 12, '05:15:48', 145),
(46, 13, '06:15:46', 139),
(46, 14, '04:51:26', 133),
(46, 15, '05:56:37', 134),
(46, 16, '05:43:27', 129),
(46, 17, '04:22:29', 2),
(46, 18, '04:20:50', 14),
(46, 19, '01:16:13', 76),
(46, 2, '03:51:35', 122),
(46, 20, '03:37:39', 1),
(46, 3, '04:29:27', 7),
(46, 4, '03:51:45', 11),
(46, 5, '05:36:28', 4),
(46, 6, '04:11:09', 27),
(46, 7, '05:26:59', 14),
(46, 8, '01:18:28', 126),
(46, 9, '06:37:40', 124),
(47, 0, '00:08:50', 95),
(47, 1, '04:56:18', 16),
(47, 10, '00:00:00', 999),
(47, 2, '04:00:48', 152),
(47, 3, '04:29:27', 51),
(47, 4, '03:51:45', 132),
(47, 5, '05:37:52', 176),
(47, 6, '04:11:09', 21),
(47, 7, '05:26:59', 36),
(47, 8, '01:19:15', 139),
(47, 9, '06:31:47', 102),
(48, 0, '00:08:37', 36),
(48, 1, '04:56:18', 55),
(49, 0, '00:08:49', 86),
(49, 1, '04:56:18', 163),
(49, 10, '07:16:51', 105),
(49, 11, '04:57:15', 137),
(49, 12, '05:14:59', 119),
(49, 13, '06:15:46', 141),
(49, 14, '04:51:26', 120),
(49, 15, '05:56:37', 120),
(49, 16, '05:43:27', 131),
(49, 17, '04:22:29', 128),
(49, 18, '04:20:50', 126),
(49, 19, '01:17:27', 106),
(49, 2, '04:00:48', 144),
(49, 20, '03:37:39', 98),
(49, 3, '04:29:27', 126),
(49, 4, '03:51:45', 173),
(49, 5, '05:36:28', 119),
(49, 6, '04:11:09', 156),
(49, 7, '05:26:59', 152),
(49, 8, '01:17:31', 100),
(49, 9, '06:16:49', 63),
(5, 0, '00:09:04', 147),
(5, 1, '04:56:18', 150),
(5, 10, '07:16:51', 127),
(5, 11, '04:56:25', 94),
(5, 12, '05:14:59', 141),
(5, 13, '06:15:09', 22),
(5, 14, '04:51:26', 17),
(5, 15, '05:56:37', 118),
(5, 16, '05:43:27', 126),
(5, 17, '04:22:29', 30),
(5, 18, '04:17:43', 5),
(5, 19, '01:17:39', 112),
(5, 2, '03:50:35', 74),
(5, 20, '03:37:39', 54),
(5, 3, '04:29:27', 77),
(5, 4, '03:51:45', 129),
(5, 5, '05:36:28', 30),
(5, 6, '04:11:09', 52),
(5, 7, '05:26:59', 59),
(5, 8, '01:18:56', 136),
(5, 9, '06:37:40', 145),
(51, 0, '00:08:13', 3),
(51, 1, '04:56:18', 34),
(51, 10, '06:44:35', 12),
(51, 11, '04:56:25', 21),
(51, 12, '05:06:27', 27),
(51, 13, '06:15:09', 23),
(51, 14, '04:51:26', 27),
(51, 15, '05:26:50', 18),
(51, 16, '05:19:20', 25),
(51, 17, '04:22:29', 36),
(51, 18, '04:20:50', 43),
(51, 19, '01:10:35', 6),
(51, 2, '03:45:32', 21),
(51, 20, '03:37:39', 49),
(51, 3, '04:29:27', 27),
(51, 4, '03:51:45', 36),
(51, 5, '05:36:28', 32),
(51, 6, '04:11:09', 36),
(51, 7, '05:26:59', 34),
(51, 8, '01:10:58', 4),
(51, 9, '06:00:21', 9),
(52, 0, '00:08:39', 43),
(52, 1, '04:56:18', 112),
(52, 10, '07:00:54', 54),
(52, 11, '04:56:25', 101),
(52, 12, '05:07:11', 75),
(52, 13, '06:15:17', 83),
(52, 14, '04:51:26', 130),
(52, 15, '05:51:26', 62),
(52, 16, '05:30:12', 68),
(52, 17, '04:22:29', 89),
(52, 18, '04:20:50', 94),
(52, 19, '01:16:05', 75),
(52, 2, '03:45:32', 69),
(52, 20, '03:37:39', 101),
(52, 3, '04:29:27', 115),
(52, 4, '03:51:45', 107),
(52, 5, '05:36:28', 112),
(52, 6, '04:11:09', 95),
(52, 7, '05:26:59', 90),
(52, 8, '01:15:10', 49),
(52, 9, '06:24:23', 82),
(53, 0, '00:08:38', 41),
(53, 1, '04:56:18', 69),
(53, 10, '06:51:44', 37),
(53, 11, '04:56:25', 75),
(53, 12, '04:53:50', 1),
(53, 13, '06:15:17', 66),
(53, 14, '04:51:26', 59),
(53, 15, '05:26:50', 17),
(53, 16, '05:17:07', 1),
(53, 17, '04:22:29', 63),
(53, 18, '04:20:50', 88),
(53, 19, '01:15:27', 61),
(53, 2, '03:45:32', 48),
(53, 20, '03:37:39', 37),
(53, 3, '04:29:27', 15),
(53, 4, '03:51:45', 82),
(53, 5, '05:36:28', 14),
(53, 6, '04:11:09', 59),
(53, 7, '05:26:59', 72),
(53, 8, '01:14:41', 34),
(53, 9, '06:09:28', 32),
(54, 0, '00:08:52', 105),
(54, 1, '04:56:18', 176),
(54, 2, '04:00:48', 138),
(54, 3, '04:29:27', 131),
(54, 4, '03:51:45', 165),
(54, 5, '00:00:00', 999),
(55, 0, '00:08:23', 8),
(55, 1, '04:56:18', 56),
(55, 10, '06:53:00', 39),
(55, 11, '04:56:25', 58),
(55, 12, '05:06:48', 63),
(55, 13, '06:15:17', 59),
(55, 14, '04:51:26', 57),
(55, 15, '05:56:37', 123),
(55, 16, '05:43:27', 101),
(55, 17, '04:22:29', 120),
(55, 18, '04:20:50', 91),
(55, 19, '01:11:21', 12),
(55, 2, '03:45:32', 50),
(55, 20, '03:37:39', 72),
(55, 3, '04:29:27', 31),
(55, 4, '03:51:45', 40),
(55, 5, '05:36:28', 48),
(55, 6, '04:11:09', 56),
(55, 7, '05:26:59', 46),
(55, 8, '01:12:52', 13),
(55, 9, '06:25:38', 83),
(56, 0, '00:08:40', 52),
(56, 1, '04:56:18', 44),
(56, 10, '07:16:51', 99),
(56, 11, '04:57:15', 108),
(56, 12, '05:07:11', 76),
(56, 13, '05:54:57', 11),
(56, 14, '04:51:26', 58),
(56, 15, '05:32:17', 27),
(56, 16, '05:19:20', 47),
(56, 17, '04:22:29', 78),
(56, 18, '04:21:22', 138),
(56, 19, '01:12:38', 24),
(56, 2, '03:45:32', 26),
(56, 20, '03:37:39', 71),
(56, 3, '04:29:27', 17),
(56, 4, '03:51:45', 34),
(56, 5, '05:36:28', 52),
(56, 6, '04:11:09', 29),
(56, 7, '05:26:59', 35),
(56, 8, '01:13:15', 15),
(56, 9, '06:12:03', 44),
(57, 0, '00:08:25', 11),
(57, 1, '04:56:18', 88),
(57, 10, '06:45:13', 15),
(57, 11, '04:56:25', 55),
(57, 12, '05:06:27', 31),
(57, 13, '06:15:09', 43),
(57, 14, '04:51:26', 33),
(57, 15, '05:26:50', 19),
(57, 16, '05:19:20', 38),
(57, 17, '04:22:29', 52),
(57, 18, '04:20:50', 46),
(57, 19, '01:11:10', 11),
(57, 2, '03:45:32', 43),
(57, 20, '03:37:39', 41),
(57, 3, '04:29:27', 55),
(57, 4, '03:51:45', 43),
(57, 5, '05:36:28', 67),
(57, 6, '04:11:09', 84),
(57, 7, '05:26:59', 50),
(57, 8, '01:12:35', 11),
(57, 9, '06:03:42', 24),
(58, 0, '00:08:46', 74),
(58, 1, '04:56:18', 100),
(58, 10, '07:16:51', 144),
(58, 11, '04:57:15', 110),
(58, 12, '05:07:33', 87),
(58, 13, '06:15:17', 82),
(58, 14, '04:51:26', 62),
(58, 15, '05:56:37', 93),
(58, 16, '05:30:12', 67),
(58, 17, '04:22:29', 93),
(58, 18, '04:21:37', 139),
(58, 19, '01:16:04', 72),
(58, 2, '04:00:48', 127),
(58, 20, '03:37:39', 83),
(58, 3, '04:29:27', 66),
(58, 4, '03:51:45', 126),
(58, 5, '05:36:28', 146),
(58, 6, '04:11:09', 145),
(58, 7, '05:26:59', 102),
(58, 8, '01:18:01', 114),
(58, 9, '06:12:24', 47),
(59, 0, '00:08:44', 66),
(59, 1, '04:56:18', 93),
(59, 10, '06:53:00', 38),
(59, 11, '04:56:25', 85),
(59, 12, '05:06:27', 53),
(59, 13, '06:15:17', 58),
(59, 14, '04:51:26', 56),
(59, 15, '05:32:17', 28),
(59, 16, '05:17:12', 6),
(59, 17, '04:22:29', 70),
(59, 18, '04:20:50', 59),
(59, 19, '01:15:28', 62),
(59, 2, '03:45:32', 36),
(59, 20, '03:37:39', 51),
(59, 3, '04:29:27', 84),
(59, 4, '03:51:45', 72),
(59, 5, '05:36:28', 106),
(59, 6, '04:11:09', 119),
(59, 7, '05:26:59', 98),
(59, 8, '01:14:42', 35),
(59, 9, '06:07:37', 30),
(6, 0, '00:08:43', 63),
(6, 1, '04:56:18', 154),
(6, 10, '07:16:51', 107),
(6, 11, '04:57:15', 129),
(6, 12, '04:55:08', 6),
(6, 13, '06:15:17', 96),
(6, 14, '04:38:03', 3),
(6, 15, '05:26:15', 15),
(6, 16, '05:19:20', 19),
(6, 17, '04:22:29', 109),
(6, 18, '04:20:50', 93),
(6, 19, '01:14:06', 39),
(6, 2, '03:51:35', 105),
(6, 20, '03:37:39', 33),
(6, 3, '04:29:27', 80),
(6, 4, '03:51:45', 140),
(6, 5, '05:36:28', 128),
(6, 6, '04:11:09', 121),
(6, 7, '05:26:59', 105),
(6, 8, '01:13:49', 20),
(6, 9, '06:24:23', 78),
(61, 0, '00:08:49', 90),
(61, 1, '04:56:18', 82),
(61, 10, '06:48:03', 27),
(61, 11, '04:56:25', 67),
(61, 12, '00:00:00', 999),
(61, 2, '03:51:35', 87),
(61, 3, '04:29:27', 73),
(61, 4, '03:51:45', 91),
(61, 5, '05:36:28', 93),
(61, 6, '04:11:09', 110),
(61, 7, '05:26:59', 76),
(61, 8, '01:17:32', 101),
(61, 9, '05:58:37', 4),
(62, 0, '00:08:43', 60),
(62, 1, '04:56:18', 63),
(62, 10, '07:16:51', 137),
(62, 11, '04:56:25', 89),
(62, 12, '05:14:59', 132),
(62, 13, '06:15:17', 103),
(62, 14, '04:51:26', 67),
(62, 15, '05:56:37', 102),
(62, 16, '05:43:27', 120),
(62, 17, '04:22:29', 68),
(62, 18, '04:20:50', 58),
(62, 19, '01:16:48', 87),
(62, 2, '03:54:11', 124),
(62, 20, '03:37:39', 103),
(62, 3, '04:29:27', 16),
(62, 4, '03:51:45', 55),
(62, 5, '05:36:28', 79),
(62, 6, '04:11:09', 74),
(62, 7, '05:26:59', 68),
(62, 8, '01:18:41', 130),
(62, 9, '06:37:40', 139),
(63, 0, '00:09:03', 142),
(63, 1, '04:56:18', 84),
(63, 10, '07:07:22', 61),
(63, 11, '04:56:25', 68),
(63, 12, '05:06:41', 61),
(63, 13, '06:15:17', 76),
(63, 14, '04:51:26', 75),
(63, 15, '05:45:30', 52),
(63, 16, '05:43:27', 124),
(63, 17, '04:22:29', 74),
(63, 18, '04:20:50', 76),
(63, 19, '01:17:14', 100),
(63, 2, '03:51:35', 102),
(63, 20, '03:37:39', 56),
(63, 3, '04:29:27', 74),
(63, 4, '03:51:45', 93),
(63, 5, '05:36:28', 94),
(63, 6, '04:11:09', 113),
(63, 7, '05:26:59', 77),
(63, 8, '01:17:34', 104),
(63, 9, '06:17:19', 67),
(64, 0, '00:09:02', 140),
(64, 1, '04:56:18', 98),
(64, 10, '07:16:51', 139),
(64, 11, '04:56:25', 80),
(64, 12, '05:14:59', 129),
(64, 13, '06:15:17', 124),
(64, 14, '04:51:26', 86),
(64, 15, '05:56:37', 125),
(64, 16, '05:43:27', 97),
(64, 17, '04:22:29', 125),
(64, 18, '04:20:50', 109),
(64, 19, '01:17:33', 108),
(64, 2, '03:51:35', 123),
(64, 20, '03:37:39', 134),
(64, 3, '04:29:27', 34),
(64, 4, '03:51:45', 139),
(64, 5, '05:36:28', 111),
(64, 6, '04:11:09', 115),
(64, 7, '05:26:59', 100),
(64, 8, '01:16:47', 80),
(64, 9, '06:37:40', 129),
(65, 0, '00:09:06', 155),
(65, 1, '04:56:18', 121),
(65, 10, '07:02:32', 56),
(65, 11, '04:57:15', 126),
(65, 12, '05:06:48', 64),
(65, 13, '06:15:17', 88),
(65, 14, '04:51:26', 87),
(65, 15, '05:56:37', 117),
(65, 16, '05:40:26', 69),
(65, 17, '04:22:29', 101),
(65, 18, '04:20:50', 49),
(65, 19, '01:16:14', 77),
(65, 2, '04:00:48', 143),
(65, 20, '03:37:39', 92),
(65, 3, '04:29:27', 110),
(65, 4, '03:51:45', 127),
(65, 5, '05:36:28', 135),
(65, 6, '04:11:09', 94),
(65, 7, '05:26:59', 149),
(65, 8, '01:18:20', 123),
(65, 9, '06:15:13', 56),
(66, 0, '00:08:56', 119),
(66, 1, '04:56:18', 5),
(66, 10, '07:16:51', 123),
(66, 11, '04:56:21', 13),
(66, 12, '05:14:59', 136),
(66, 13, '06:15:17', 94),
(66, 14, '04:51:26', 84),
(66, 15, '05:56:37', 72),
(66, 16, '05:43:27', 121),
(66, 17, '04:22:29', 5),
(66, 18, '04:20:50', 71),
(66, 19, '01:16:55', 92),
(66, 2, '03:45:32', 8),
(66, 20, '03:37:39', 3),
(66, 3, '04:29:27', 8),
(66, 4, '03:51:45', 18),
(66, 5, '05:36:28', 16),
(66, 6, '04:11:09', 7),
(66, 7, '05:26:59', 17),
(66, 8, '01:18:03', 116),
(66, 9, '06:37:40', 118),
(67, 0, '00:09:18', 170),
(67, 1, '04:56:18', 173),
(67, 10, '07:07:22', 58),
(67, 11, '04:57:15', 116),
(67, 12, '05:18:43', 147),
(67, 13, '06:19:31', 153),
(67, 14, '00:00:00', 999),
(67, 2, '04:00:48', 132),
(67, 3, '04:29:27', 159),
(67, 4, '03:51:45', 138),
(67, 5, '05:36:28', 157),
(67, 6, '04:20:00', 174),
(67, 7, '05:26:59', 150),
(67, 8, '01:21:37', 171),
(67, 9, '06:08:41', 31),
(68, 0, '00:08:49', 92),
(68, 1, '04:56:18', 50),
(68, 10, '07:16:51', 86),
(68, 11, '04:56:25', 42),
(68, 12, '05:07:11', 80),
(68, 13, '06:15:09', 33),
(68, 14, '04:51:26', 11),
(68, 15, '05:56:37', 77),
(68, 16, '05:43:27', 93),
(68, 17, '04:22:29', 16),
(68, 18, '04:20:50', 40),
(68, 19, '01:15:47', 64),
(68, 2, '03:51:35', 75),
(68, 20, '03:37:39', 24),
(68, 3, '04:29:27', 71),
(68, 4, '03:51:45', 37),
(68, 5, '05:36:28', 31),
(68, 6, '04:11:09', 13),
(68, 7, '05:26:59', 33),
(68, 8, '01:17:47', 111),
(68, 9, '06:31:47', 109),
(69, 0, '00:08:53', 109),
(69, 1, '04:56:18', 79),
(69, 10, '06:42:56', 6),
(69, 11, '04:56:24', 20),
(69, 12, '05:06:27', 25),
(69, 13, '06:15:09', 50),
(69, 14, '04:51:26', 51),
(69, 15, '05:21:50', 3),
(69, 16, '05:19:20', 34),
(69, 17, '04:22:29', 55),
(69, 18, '04:20:50', 51),
(69, 19, '01:14:05', 38),
(69, 2, '03:45:32', 49),
(69, 20, '03:37:39', 55),
(69, 3, '04:29:27', 64),
(69, 4, '03:51:45', 85),
(69, 5, '05:36:28', 74),
(69, 6, '04:11:09', 92),
(69, 7, '05:26:59', 74),
(69, 8, '01:15:06', 46),
(69, 9, '05:59:38', 6),
(7, 0, '00:09:29', 178),
(7, 1, '04:56:18', 168),
(7, 10, '07:16:51', 131),
(7, 11, '04:57:15', 155),
(7, 12, '05:14:59', 143),
(7, 13, '06:16:05', 151),
(7, 14, '04:53:16', 143),
(7, 15, '05:57:49', 143),
(7, 16, '05:43:27', 137),
(7, 17, '04:22:29', 124),
(7, 18, '04:20:50', 121),
(7, 19, '01:18:00', 118),
(7, 2, '04:04:55', 157),
(7, 20, '03:37:39', 138),
(7, 3, '04:29:27', 156),
(7, 4, '03:51:45', 174),
(7, 5, '05:37:11', 168),
(7, 6, '04:11:09', 170),
(7, 7, '05:26:59', 168),
(7, 8, '01:19:31', 143),
(7, 9, '06:37:40', 153),
(71, 0, '00:08:50', 97),
(71, 1, '04:56:18', 29),
(71, 2, '03:45:32', 3),
(71, 3, '04:29:27', 10),
(71, 4, '03:51:45', 1),
(71, 5, '05:36:28', 1),
(71, 6, '04:11:09', 1),
(71, 7, '05:26:59', 1),
(71, 8, '01:16:17', 71),
(71, 9, '00:00:00', 999),
(72, 0, '00:08:48', 84),
(72, 1, '04:56:18', 175),
(72, 10, '07:17:39', 156),
(72, 11, '04:57:15', 128),
(72, 12, '05:08:41', 100),
(72, 13, '06:15:46', 134),
(72, 14, '04:53:16', 144),
(72, 15, '00:00:00', 999),
(72, 2, '04:00:48', 137),
(72, 3, '04:29:27', 109),
(72, 4, '03:52:38', 176),
(72, 5, '05:37:11', 171),
(72, 6, '04:11:09', 166),
(72, 7, '05:26:59', 163),
(72, 8, '01:21:03', 168),
(72, 9, '06:37:40', 148),
(73, 0, '00:08:43', 64),
(73, 1, '04:56:18', 73),
(73, 10, '07:00:08', 52),
(73, 11, '04:57:15', 157),
(73, 12, '05:07:11', 85),
(73, 13, '05:52:45', 1),
(73, 14, '04:51:26', 118),
(73, 15, '05:56:37', 76),
(73, 16, '05:19:20', 53),
(73, 17, '04:22:29', 61),
(73, 18, '04:20:50', 136),
(73, 19, '01:17:40', 113),
(73, 2, '03:45:32', 47),
(73, 20, '03:37:39', 7),
(73, 3, '04:29:27', 104),
(73, 4, '03:51:45', 133),
(73, 5, '05:36:28', 117),
(73, 6, '04:11:09', 165),
(73, 7, '05:26:59', 127),
(73, 8, '01:16:53', 82),
(73, 9, '06:15:13', 57),
(74, 0, '00:08:25', 12),
(74, 1, '04:56:18', 65),
(74, 10, '06:42:56', 7),
(74, 11, '04:56:25', 26),
(74, 12, '05:06:25', 20),
(74, 13, '06:15:09', 48),
(74, 14, '04:51:26', 55),
(74, 15, '05:22:34', 8),
(74, 16, '05:19:20', 26),
(74, 17, '04:22:29', 44),
(74, 18, '04:20:50', 33),
(74, 19, '01:12:30', 23),
(74, 2, '03:45:32', 32),
(74, 20, '03:37:39', 75),
(74, 3, '04:29:27', 30),
(74, 4, '03:51:45', 51),
(74, 5, '05:36:28', 75),
(74, 6, '04:11:09', 96),
(74, 7, '05:26:59', 52),
(74, 8, '01:12:32', 10),
(74, 9, '06:00:41', 10),
(75, 0, '00:09:03', 143),
(75, 1, '04:56:18', 54),
(75, 2, '04:04:55', 176),
(75, 3, '04:31:04', 171),
(75, 4, '03:51:45', 27),
(75, 5, '05:36:28', 51),
(75, 6, '04:11:09', 38),
(75, 7, '05:26:59', 25),
(75, 8, '01:21:28', 170),
(75, 9, '00:00:00', 999),
(76, 0, '00:08:43', 60),
(76, 1, '04:56:18', 57),
(76, 10, '06:56:03', 48),
(76, 11, '04:57:15', 118),
(76, 12, '05:06:39', 60),
(76, 13, '06:15:46', 142),
(76, 14, '04:51:26', 125),
(76, 15, '05:33:33', 30),
(76, 16, '05:19:20', 54),
(76, 17, '04:22:29', 102),
(76, 18, '04:20:50', 134),
(76, 19, '01:16:43', 86),
(76, 2, '03:51:35', 97),
(76, 20, '03:37:39', 126),
(76, 3, '04:29:27', 21),
(76, 4, '03:51:45', 84),
(76, 5, '05:36:28', 89),
(76, 6, '04:11:09', 123),
(76, 7, '05:26:59', 87),
(76, 8, '01:15:45', 58),
(76, 9, '06:06:26', 29),
(77, 0, '00:08:33', 26),
(77, 1, '04:56:18', 45),
(77, 10, '00:00:00', 999),
(77, 2, '03:45:32', 34),
(77, 3, '04:29:27', 113),
(77, 4, '03:51:45', 42),
(77, 5, '05:36:28', 109),
(77, 6, '04:11:09', 64),
(77, 7, '05:26:59', 91),
(77, 8, '01:14:05', 24),
(77, 9, '06:18:23', 68),
(78, 0, '00:08:58', 133),
(78, 1, '04:56:18', 72),
(78, 10, '07:16:51', 152),
(78, 11, '04:57:15', 120),
(78, 12, '05:08:16', 95),
(78, 13, '06:15:46', 132),
(78, 14, '04:53:16', 145),
(78, 15, '00:00:00', 999),
(78, 2, '03:45:32', 25),
(78, 3, '04:29:27', 85),
(78, 4, '03:51:45', 52),
(78, 5, '05:36:28', 73),
(78, 6, '04:11:09', 35),
(78, 7, '05:26:59', 65),
(78, 8, '01:18:51', 133),
(78, 9, '06:37:40', 150),
(79, 0, '00:08:57', 122),
(79, 1, '05:09:27', 180),
(79, 10, '07:16:51', 118),
(79, 11, '04:57:15', 136),
(79, 12, '05:07:33', 86),
(79, 13, '06:15:17', 67),
(79, 14, '04:51:26', 127),
(79, 15, '00:00:00', 999),
(79, 2, '04:00:48', 154),
(79, 3, '04:29:27', 143),
(79, 4, '03:51:45', 168),
(79, 5, '05:36:28', 155),
(79, 6, '04:11:09', 167),
(79, 7, '05:26:59', 159),
(79, 8, '01:20:44', 160),
(79, 9, '06:31:47', 111),
(8, 0, '00:08:45', 69),
(8, 1, '04:56:18', 146),
(8, 10, '06:47:07', 23),
(8, 11, '04:57:15', 147),
(8, 12, '05:06:57', 69),
(8, 13, '05:54:52', 5),
(8, 14, '04:51:26', 108),
(8, 15, '05:26:15', 13),
(8, 16, '05:19:20', 44),
(8, 17, '04:22:29', 91),
(8, 18, '04:20:50', 36),
(8, 19, '01:13:24', 30),
(8, 2, '04:04:55', 169),
(8, 20, '03:37:39', 117),
(8, 3, '04:29:27', 151),
(8, 4, '03:51:45', 153),
(8, 5, '05:36:28', 156),
(8, 6, '04:11:09', 161),
(8, 7, '05:26:59', 167),
(8, 8, '01:15:22', 51),
(8, 9, '06:02:02', 19),
(81, 0, '00:08:37', 34),
(81, 1, '04:56:18', 97),
(81, 10, '06:47:07', 22),
(81, 11, '04:56:25', 43),
(81, 12, '05:06:25', 18),
(81, 13, '06:15:09', 34),
(81, 14, '04:51:26', 45),
(81, 15, '05:35:10', 31),
(81, 16, '05:19:20', 28),
(81, 17, '04:22:29', 29),
(81, 18, '04:20:50', 38),
(81, 19, '01:15:10', 57),
(81, 2, '03:45:32', 18),
(81, 20, '03:37:39', 52),
(81, 3, '04:29:27', 97),
(81, 4, '03:51:45', 172),
(81, 5, '05:36:28', 33),
(81, 6, '04:11:09', 108),
(81, 7, '05:26:59', 92),
(81, 8, '01:16:37', 77),
(81, 9, '06:01:35', 16),
(82, 0, '00:09:06', 154),
(82, 1, '04:56:18', 24),
(82, 10, '07:16:51', 98),
(82, 11, '04:56:25', 29),
(82, 12, '05:08:16', 96),
(82, 13, '06:15:17', 69),
(82, 14, '04:51:26', 19),
(82, 15, '05:56:37', 106),
(82, 16, '05:43:27', 82),
(82, 17, '04:22:29', 118),
(82, 18, '04:20:50', 21),
(82, 19, '01:16:57', 95),
(82, 2, '03:45:32', 14),
(82, 20, '03:37:39', 21),
(82, 3, '04:29:27', 96),
(82, 4, '03:51:45', 21),
(82, 5, '05:36:28', 18),
(82, 6, '04:11:09', 20),
(82, 7, '05:26:59', 22),
(82, 8, '01:20:16', 156),
(82, 9, '06:37:40', 126),
(83, 0, '00:09:03', 144),
(83, 1, '04:56:18', 136),
(83, 10, '07:16:51', 132),
(83, 11, '04:57:15', 140),
(83, 12, '05:14:59', 139),
(83, 13, '06:16:05', 148),
(83, 14, '04:53:16', 137),
(83, 15, '05:56:37', 85),
(83, 16, '05:43:27', 125),
(83, 17, '04:25:59', 139),
(83, 18, '04:22:47', 140),
(83, 19, '01:16:43', 85),
(83, 2, '04:04:55', 158),
(83, 20, '03:37:39', 43),
(83, 3, '04:29:27', 138),
(83, 4, '03:51:45', 117),
(83, 5, '05:36:28', 113),
(83, 6, '04:11:09', 41),
(83, 7, '05:26:59', 96),
(83, 8, '01:18:49', 131),
(83, 9, '06:24:23', 73),
(84, 0, '00:08:38', 39),
(84, 1, '04:56:18', 31),
(84, 10, '07:19:28', 159),
(84, 11, '05:01:15', 158),
(84, 12, '05:25:04', 152),
(84, 13, '06:15:17', 121),
(84, 14, '04:38:50', 5),
(84, 15, '05:56:37', 140),
(84, 16, '05:43:27', 142),
(84, 17, '04:22:29', 12),
(84, 18, '04:22:47', 141),
(84, 19, '01:17:35', 110),
(84, 2, '04:04:55', 162),
(84, 20, '03:37:39', 13),
(84, 3, '04:30:50', 169),
(84, 4, '03:51:45', 171),
(84, 5, '05:37:27', 173),
(84, 6, '04:11:09', 146),
(84, 7, '05:27:53', 175),
(84, 8, '01:19:08', 137),
(84, 9, '06:42:42', 165),
(85, 0, '00:08:47', 79),
(85, 1, '04:56:18', 172),
(85, 10, '07:16:51', 145),
(85, 11, '05:01:15', 159),
(85, 12, '05:14:59', 135),
(85, 13, '06:15:17', 123),
(85, 14, '04:53:16', 138),
(85, 15, '05:56:37', 130),
(85, 16, '05:43:27', 134),
(85, 17, '04:22:29', 46),
(85, 18, '04:20:50', 128),
(85, 19, '01:14:42', 49),
(85, 2, '03:51:35', 118),
(85, 20, '03:37:39', 121),
(85, 3, '04:30:35', 166),
(85, 4, '03:51:45', 130),
(85, 5, '05:36:28', 160),
(85, 6, '04:11:09', 153),
(85, 7, '05:26:59', 140),
(85, 8, '01:17:36', 107),
(85, 9, '06:37:40', 123),
(86, 0, '00:08:49', 88),
(86, 1, '04:56:18', 126),
(86, 10, '06:42:56', 8),
(86, 11, '04:56:25', 22),
(86, 12, '05:06:27', 23),
(86, 13, '06:15:09', 45),
(86, 14, '04:51:26', 32),
(86, 15, '05:22:26', 5),
(86, 16, '05:19:20', 22),
(86, 17, '04:22:29', 26),
(86, 18, '04:20:50', 29),
(86, 19, '01:13:22', 29),
(86, 2, '03:51:35', 99),
(86, 20, '03:37:39', 40),
(86, 3, '04:29:27', 135),
(86, 4, '03:51:45', 120),
(86, 5, '05:36:28', 110),
(86, 6, '04:11:09', 134),
(86, 7, '05:26:59', 118),
(86, 8, '01:14:30', 31),
(86, 9, '06:00:21', 8),
(87, 0, '00:08:20', 6),
(87, 1, '04:56:18', 92),
(87, 10, '07:16:51', 130),
(87, 11, '04:35:36', 5),
(87, 12, '05:06:27', 48),
(87, 13, '06:15:17', 128),
(87, 14, '04:51:26', 109),
(87, 15, '05:56:37', 133),
(87, 16, '05:43:27', 123),
(87, 17, '04:22:29', 88),
(87, 18, '04:20:50', 72),
(87, 19, '01:10:20', 5),
(87, 2, '04:00:48', 147),
(87, 20, '03:37:39', 127),
(87, 3, '04:29:27', 134),
(87, 4, '03:51:45', 119),
(87, 5, '05:36:28', 130),
(87, 6, '04:11:09', 148),
(87, 7, '05:26:59', 138),
(87, 8, '01:14:09', 25),
(87, 9, '06:24:23', 79),
(88, 0, '00:08:39', 45),
(88, 1, '04:56:18', 115),
(88, 10, '06:54:56', 43),
(88, 11, '04:56:25', 73),
(88, 12, '05:06:25', 17),
(88, 13, '06:15:17', 78),
(88, 14, '04:51:26', 64),
(88, 15, '05:56:37', 95),
(88, 16, '05:19:20', 32),
(88, 17, '04:22:29', 37),
(88, 18, '04:20:50', 114),
(88, 19, '01:14:40', 45),
(88, 2, '03:51:35', 107),
(88, 20, '03:37:39', 42),
(88, 3, '04:30:35', 167),
(88, 4, '03:51:45', 87),
(88, 5, '05:36:28', 25),
(88, 6, '04:11:09', 103),
(88, 7, '05:26:59', 94),
(88, 8, '01:15:26', 52),
(88, 9, '06:10:34', 42),
(89, 0, '00:08:54', 111),
(89, 1, '04:56:18', 58),
(89, 10, '07:16:51', 88),
(89, 11, '04:56:21', 16),
(89, 12, '05:07:11', 71),
(89, 13, '06:15:09', 21),
(89, 14, '04:51:26', 14),
(89, 15, '05:56:37', 94),
(89, 16, '05:43:27', 83),
(89, 17, '04:22:29', 17),
(89, 18, '04:20:50', 23),
(89, 19, '01:14:40', 46),
(89, 2, '04:00:48', 141),
(89, 20, '03:37:39', 22),
(89, 3, '04:29:27', 19),
(89, 4, '03:51:45', 30),
(89, 5, '05:36:28', 26),
(89, 6, '04:11:09', 40),
(89, 7, '05:26:59', 30),
(89, 8, '01:15:51', 60),
(89, 9, '06:31:47', 86),
(9, 0, '00:09:00', 138),
(9, 1, '04:56:18', 46),
(9, 10, '07:16:51', 122),
(9, 11, '04:56:25', 98),
(9, 12, '05:07:56', 91),
(9, 13, '06:15:17', 95),
(9, 14, '04:51:26', 126),
(9, 15, '05:56:37', 131),
(9, 16, '05:19:20', 49),
(9, 17, '04:22:29', 112),
(9, 18, '04:20:50', 112),
(9, 19, '01:16:58', 96),
(9, 2, '03:51:35', 108),
(9, 20, '03:37:39', 132),
(9, 3, '04:29:27', 53),
(9, 4, '03:51:45', 29),
(9, 5, '05:36:28', 24),
(9, 6, '04:11:09', 51),
(9, 7, '05:26:59', 108),
(9, 8, '01:19:32', 144),
(9, 9, '06:34:42', 116),
(91, 0, '00:08:23', 7),
(91, 1, '04:56:18', 81),
(91, 10, '06:44:44', 13),
(91, 11, '04:35:29', 3),
(91, 12, '05:06:27', 46),
(91, 13, '06:15:17', 109),
(91, 14, '04:51:26', 110),
(91, 15, '05:56:37', 136),
(91, 16, '05:17:07', 4),
(91, 17, '04:22:29', 10),
(91, 18, '04:17:43', 3),
(91, 19, '01:17:00', 97),
(91, 2, '03:45:32', 24),
(91, 20, '03:37:39', 36),
(91, 3, '04:29:27', 47),
(91, 4, '03:51:45', 26),
(91, 5, '05:36:28', 38),
(91, 6, '04:11:09', 82),
(91, 7, '05:26:59', 23),
(91, 8, '01:15:08', 48),
(91, 9, '06:31:47', 90),
(92, 0, '00:08:55', 112),
(92, 1, '04:56:18', 23),
(92, 10, '07:16:51', 91),
(92, 11, '04:56:21', 18),
(92, 12, '05:14:59', 128),
(92, 13, '06:15:09', 19),
(92, 14, '04:51:26', 97),
(92, 15, '00:00:00', 999),
(92, 2, '03:51:35', 100),
(92, 3, '04:29:27', 103),
(92, 4, '03:52:38', 175),
(92, 5, '05:36:28', 20),
(92, 6, '04:11:09', 25),
(92, 7, '05:26:59', 26),
(92, 8, '01:18:07', 118),
(92, 9, '06:38:09', 162),
(93, 0, '00:08:43', 62),
(93, 1, '04:56:18', 144),
(93, 10, '06:54:45', 41),
(93, 11, '04:56:25', 84),
(93, 12, '04:55:14', 7),
(93, 13, '06:15:09', 47),
(93, 14, '04:51:26', 25),
(93, 15, '05:46:11', 54),
(93, 16, '05:19:20', 13),
(93, 17, '04:22:29', 35),
(93, 18, '04:17:43', 13),
(93, 19, '01:16:01', 70),
(93, 2, '03:45:32', 70),
(93, 20, '03:37:39', 27),
(93, 3, '04:29:27', 162),
(93, 4, '03:51:45', 134),
(93, 5, '05:36:28', 129),
(93, 6, '04:11:09', 111),
(93, 7, '05:26:59', 129),
(93, 8, '01:16:44', 79),
(93, 9, '06:31:47', 91),
(94, 0, '00:08:46', 70),
(94, 1, '04:56:18', 30),
(94, 10, '07:16:51', 80),
(94, 11, '04:56:25', 50),
(94, 12, '05:07:56', 93),
(94, 13, '06:15:17', 62),
(94, 14, '04:51:26', 53),
(94, 15, '05:56:37', 89),
(94, 16, '05:43:27', 92),
(94, 17, '04:22:29', 7),
(94, 18, '04:20:50', 22),
(94, 19, '01:17:04', 98),
(94, 2, '03:45:32', 27),
(94, 20, '03:37:39', 15),
(94, 3, '04:29:27', 26),
(94, 4, '03:51:45', 47),
(94, 5, '05:36:28', 43),
(94, 6, '04:11:09', 50),
(94, 7, '05:26:59', 32),
(94, 8, '01:16:04', 67),
(94, 9, '06:31:47', 98),
(95, 0, '00:08:59', 135),
(95, 1, '04:56:18', 67),
(95, 10, '07:16:51', 78),
(95, 11, '04:56:25', 49),
(95, 12, '04:57:43', 12),
(95, 13, '06:15:17', 87),
(95, 14, '04:51:26', 96),
(95, 15, '05:40:08', 40),
(95, 16, '05:43:27', 140),
(95, 17, '04:22:29', 81),
(95, 18, '04:20:50', 81),
(95, 19, '01:15:58', 68),
(95, 2, '03:45:32', 65),
(95, 20, '03:37:39', 39),
(95, 3, '04:29:27', 123),
(95, 4, '03:51:45', 88),
(95, 5, '05:36:28', 163),
(95, 6, '04:11:09', 99),
(95, 7, '05:26:59', 99),
(95, 8, '01:17:36', 106),
(95, 9, '06:31:47', 96),
(96, 0, '00:08:42', 59),
(96, 1, '04:56:18', 1),
(96, 2, '03:45:32', 2),
(96, 3, '04:29:27', 14),
(96, 4, '03:51:45', 5),
(96, 5, '05:36:28', 3),
(96, 6, '04:11:09', 3),
(96, 7, '05:26:59', 3),
(96, 8, '01:14:27', 30),
(96, 9, '00:00:00', 999),
(97, 0, '00:08:25', 10),
(97, 1, '04:56:18', 145),
(97, 10, '07:16:51', 93),
(97, 11, '04:57:15', 106),
(97, 12, '05:07:56', 94),
(97, 13, '06:15:17', 85),
(97, 14, '04:51:26', 129),
(97, 15, '05:47:03', 55),
(97, 16, '05:43:27', 94),
(97, 17, '04:22:29', 122),
(97, 18, '04:20:50', 99),
(97, 19, '01:11:21', 13),
(97, 2, '03:51:35', 106),
(97, 20, '03:37:39', 79),
(97, 3, '04:29:27', 153),
(97, 4, '03:51:45', 164),
(97, 5, '05:36:28', 166),
(97, 6, '04:11:09', 141),
(97, 7, '05:27:33', 174),
(97, 8, '01:13:34', 19),
(97, 9, '06:31:47', 101),
(98, 0, '00:08:35', 32),
(98, 1, '04:56:18', 134),
(98, 10, '06:55:22', 47),
(98, 11, '04:57:15', 109),
(98, 12, '05:07:11', 84),
(98, 13, '06:16:05', 147),
(98, 14, '04:53:16', 142),
(98, 15, '05:56:37', 119),
(98, 16, '05:43:27', 114),
(98, 17, '04:22:29', 82),
(98, 18, '04:20:50', 127),
(98, 19, '01:17:16', 101),
(98, 2, '03:51:35', 119),
(98, 20, '03:37:39', 78),
(98, 3, '04:29:27', 163),
(98, 4, '03:51:45', 100),
(98, 5, '05:37:11', 170),
(98, 6, '04:11:09', 109),
(98, 7, '05:26:59', 162),
(98, 8, '01:17:35', 105),
(98, 9, '06:15:13', 61),
(99, 0, '00:08:34', 29),
(99, 1, '04:56:18', 43),
(99, 10, '06:44:44', 14),
(99, 11, '04:56:25', 38),
(99, 12, '05:06:27', 37),
(99, 13, '06:15:09', 38),
(99, 14, '04:51:26', 47),
(99, 15, '05:30:28', 22),
(99, 16, '05:19:20', 36),
(99, 17, '04:22:29', 50),
(99, 18, '04:20:50', 39),
(99, 19, '01:14:21', 41),
(99, 2, '03:45:32', 39),
(99, 20, '03:37:39', 120),
(99, 3, '04:29:27', 62),
(99, 4, '03:51:45', 86),
(99, 5, '05:36:28', 76),
(99, 6, '04:11:09', 71),
(99, 7, '05:26:59', 42),
(99, 8, '01:14:43', 36),
(99, 9, '06:00:54', 14);

--
-- Index pour les tables exportées
--

--
-- Index pour la table `coureur`
--
ALTER TABLE `coureur`
  ADD PRIMARY KEY (`NumCoureur`);

--
-- Index pour la table `equipe`
--
ALTER TABLE `equipe`
  ADD PRIMARY KEY (`CodeEquipe`);

--
-- Index pour la table `etape`
--
ALTER TABLE `etape`
  ADD PRIMARY KEY (`NumEtape`);

--
-- Index pour la table `pays`
--
ALTER TABLE `pays`
  ADD PRIMARY KEY (`CodePays`);

--
-- Index pour la table `temps`
--
ALTER TABLE `temps`
  ADD PRIMARY KEY (`NumCoureur`,`NumEtape`);

/*!40101 SET CHARACTER_SET_CLIENT=@OLD_CHARACTER_SET_CLIENT */;
/*!40101 SET CHARACTER_SET_RESULTS=@OLD_CHARACTER_SET_RESULTS */;
/*!40101 SET COLLATION_CONNECTION=@OLD_COLLATION_CONNECTION */;
